cd_municipio_ibge,municipio,arquivo,sha256_local,poligonos,url_arquivo,situacao,orgao,data_conferencia
1100205,Porto Velho,ba_bairros.geojson,7ffd77c37129bccf,72,https://geoportal.portovelho.ro.gov.br/api/geoserver/geo/ows?service=WFS&version=1.0.0&request=GetFeature&typeName=geo%3Aba_bairros&outputFormat=application/json,mesmo conteúdo,,2026-10-08
1302603,Manaus,bairros_implurb_semed.geojson,798f0ce4c0b482fe,64,https://services6.arcgis.com/hVa8crlkFbyxXr8M/arcgis/rest/services/Bairros/FeatureServer/0/query?where=1%3D1&outFields=*&outSR=4326&f=geojson,idêntica,,2026-10-08
2211001,Teresina,BAIRROS_2013/BAIRROS_2013.shp,49e81fed01950445,123,https://semplan.teresina.pi.gov.br/wp-content/uploads/sites/39/2020/04/Teresina-Bairros-Limites-Ano-2013.zip,não conferida: o certificado TLS do site é de outro domínio (*.pmt.pi.gov.br); verificação não foi desligada,Prefeitura de Teresina (Semplan),2026-10-08
2304400,Fortaleza,bairros_2025.kmz,c49f0f61a67ae893,121,https://dados.fortaleza.ce.gov.br/dataset/a90409b9-4c2c-4ad0-bcc0-3e24a381c531/resource/08c58502-965e-4f28-bb6e-b08dab04b788/download/bairros_2025.kmz,idêntica,,2026-10-08
2408102,Natal,limite_bairros.zip,40a89bbb616d37db,36,https://drive.google.com/uc?export=download&id=1hU_IhUFyg9xryVDIJSZ5lq9KY-Ct4t_9,"idêntica (SHA-256); hospedada no Google Drive, página oficial que divulga o link não registrada",Prefeitura de Natal (a confirmar),2026-10-08
2507507,Joao Pessoa,bairros.zip,2a816eee4cb7d763,64,https://filipeia.joaopessoa.pb.gov.br/files/donwload/bairros.zip,idêntica,,2026-10-08
2611606,Recife,bairros-do-recife.geojson,2099e5d6a7087596,94,https://dados.recife.pe.gov.br/dataset/1702c764-ec7a-4ef0-9861-8acd0e40c819/resource/5c67ce14-1799-40c4-a37c-9daa04d1761c/download/bairros-do-recife.geojson,idêntica,,2026-10-08
2704302,Maceio,bairros de maceio.shp,53be19ba1c2c828a,50,https://dados.al.gov.br/catalogo/dataset/c70c5d37-9cef-4bf7-b55f-456aded041eb/resource/dc607795-6bc9-4289-833e-d45b7470e532/download/maceiodadosvetoriaisshp.rar,idêntica (SHA-256 do .rar de onde a camada foi extraída),"Governo de Alagoas (portal dados.al.gov.br), fonte estadual",2026-10-08
2800308,Aracaju,bairros_2023.geojson,f26aacba7c66e82a,48,https://geoserver.fazenda.aracaju.se.gov.br/ows?service=WFS&version=2.0.0&request=GetFeature&typeNames=Limites_Municipais:bairros_2023&outputFormat=application/json&srsName=EPSG:4326,mesmo conteúdo,,2026-10-08
2927408,Salvador,bairro_oficial.geojson,43b616506b1425bf,171,https://geoserver.sedur.salvador.ba.gov.br/geoserver/bairro_oficial/ows?SERVICE=WFS&REQUEST=GetCapabilities,mesmo conteúdo,,2026-10-08
3106200,Belo Horizonte,bairro_oficial.geojson,297f535f8bd1daa8,323,https://geoservicos.pbh.gov.br/geoserver/wfs?service=WFS&version=2.0.0&request=GetFeature&typeNames=ide_bhgeo:BAIRRO_OFICIAL&outputFormat=application/json&srsName=EPSG:4326,mesmo conteúdo,,2026-10-08
3136702,Juiz De Fora,ter_limites_bairros.geojson,6088f942b6c44883,111,https://sisurb.pjf.mg.gov.br/server/rest/services/ter_limites_bairros/MapServer/0/query?where=1%3D1&outFields=*&outSR=4326&f=geojson,idêntica,,2026-10-08
3205309,Vitoria,limite_bairros_lei_8611_2013.geojson,1854a61827cb89f8,80,https://services3.arcgis.com/GLrFWQrSYdN9yOjN/arcgis/rest/services/N2_Vitoria_ES_TheBest_WFL1/FeatureServer,"origem não confirmada: a camada oficial da prefeitura não foi localizada; uma versão de terceiros (conta acadêmica no ArcGIS) tem 15 polígonos, e não 80",a confirmar,2026-10-08
3301702,Duque De Caxias,limite_bairro_gpu_smu.geojson,94eda0a7c9bff0c7,42,https://services.arcgis.com/A85FVaaHI2ql09bh/arcgis/rest/services/Limite_Bairro/FeatureServer/0/query?where=1%3D1&outFields=*&outSR=4326&f=geojson,idêntica,,2026-10-08
3303302,Niteroi,limite_de_bairros.geojson,8874bc4810a0e7ab,52,https://services8.arcgis.com/TpaOLI1HCh5AcRQB/arcgis/rest/services/Grouplayer_camadas_agol/FeatureServer/0/query?where=1%3D1&outFields=*&outSR=4326&f=geojson,mesmo conteúdo,,2026-10-08
3304557,Rio De Janeiro,limite_de_bairros.geojson,819ca7a09f101bdc,167,https://pgeo3.rio.rj.gov.br/arcgis/rest/services/Cartografia/Limites_administrativos/MapServer/4/query?where=1%3D1&outFields=*&f=geojson,idêntica,,2026-10-08
3513801,Diadema,bairro.geojson,92f2b9ec460f98c5,11,https://geo.diadema.sp.gov.br/server/rest/services/GeoDiadema/Limite_Territorial_Administrativo/FeatureServer/1/query?where=1%3D1&outFields=*&outSR=4326&f=geojson,mesmo conteúdo,,2026-10-08
3518800,Guarulhos,pg_bairros.zip,91a740ff7f883e02,47,https://guarugeo.guarulhos.sp.gov.br/download/shp/pg_bairros.zip,mesmo conteúdo,,2026-10-08
3530607,Mogi Das Cruzes,abairramento.kml,712e15858f551415,107,https://dados.mogidascruzes.sp.gov.br/dataset/2f38ae7b-f894-45bc-bfde-e0a4ca950ce2/resource/7df84cb8-086d-409a-8193-0390a0b8c132/download/abairramento.kml,idêntica,,2026-10-08
3547809,Santo Andre,SIGA_LIM_BAIRROS_OFICIAL.geojson,7e9dee7957745fdf,112,https://siga.santoandre.sp.gov.br/geoserver/ows?service=WFS&version=1.0.0&request=GetFeature&typeName=siga:SIGA_LIM_BAIRROS_OFICIAL&outputFormat=application/json,fonte fora do ar em 08/10/2026 (HTTP 404); baixada em 07/10 do SIGA da prefeitura,Prefeitura de Santo André (SIGA),2026-10-08
3548500,Santos,santos_bairros.geojson,e52b21cc23cec22f,72,https://egov.santos.sp.gov.br/geoserver/ows?service=WFS&version=1.0.0&request=GetFeature&typeName=santos:bairros&outputFormat=application/json,mesmo conteúdo,,2026-10-08
3548708,Sao Bernardo Do Campo,bairro_SBC.zip,350b605174967b94,34,https://geo.saobernardo.sp.gov.br/pmsbc/asp/shapes/bairro_SBC.zip,"idêntica (SHA-256); o servidor envia a cadeia de certificado incompleta, mas o certificado é válido",Prefeitura de São Bernardo do Campo,2026-10-08
3550308,Sao Paulo,distrito_municipal.geojson,73e71997db9a6415,96,https://wfs.geosampa.prefeitura.sp.gov.br/geoserver/geoportal/wfs?service=WFS&version=2.0.0&request=GetFeature&typeNames=geoportal:distrito_municipal&outputFormat=application/json&srsName=EPSG:4326,mesmo conteúdo,,2026-10-08
4106902,Curitiba,DIVISA_DE_BAIRROS_SIRGAS.zip,84257b3a2129d9bb,75,https://ippuc.org.br/geodownloads/SHAPES_SIRGAS/DIVISA_DE_BAIRROS_SIRGAS.zip,idêntica,,2026-10-08
4113700,Londrina,bairros_londrina_lei13718.geojson,1612e82f6cc6bc06,66,https://geo.londrina.pr.gov.br/server/rest/services/IPPUL/IppulDivisaoTerritorialLondrinaLei13718/MapServer/10/query?where=1%3D1&outFields=*&outSR=4326&f=geojson,mesmo conteúdo,,2026-10-08
4115200,Maringa,bairro_maringa.geojson,8d762a9e5f91962e,469,https://geoproc.maringa.pr.gov.br/arcgis/rest/services/SIGMARINGA/MAPA_BASE/MapServer/7,"mesma camada oficial ('Bairro', 469 polígonos); nomes não comparados (o servidor não exporta GeoJSON); na prática, loteamentos aprovados",Prefeitura de Maringá (SIGMaringá),2026-10-08
4119905,Ponta Grossa,limites_bairros.zip,f361e1b9d910e3f1,20,https://iplan.pontagrossa.pr.gov.br/wp-content/uploads/2024/03/limites_bairros.zip,idêntica,,2026-10-08
4205407,Florianopolis,gvw_bairros.geojson,21aaec2f9ca253ce,56,https://geofloripa.pmf.sc.gov.br/geoserver/Geoportal/ows?service=WFS&version=1.0.0&request=GetFeature&typeName=Geoportal:gvw_bairros&outputFormat=application/json,mesmo conteúdo,,2026-10-08
4314902,Porto Alegre,bairros_lc12112_16.zip,258772459588f794,128,https://dadosabertos.poa.br/dataset/a7172700-e0e2-4797-bf4a-12f658828568/resource/1de9991b-ae77-4359-a0cc-daf82fdf1896/download/bairros_lc12112_16.zip,idêntica,,2026-10-08
5300108,Brasilia,regioes_administrativas.geojson,fd13e671d7660ba6,37,https://www.geoservicos.ide.df.gov.br/arcgis/rest/services/Publico/LIMITES/FeatureServer/1/query?where=1%3D1&outFields=*&outSR=4326&f=geojson,idêntica,,2026-10-08
