arquivo,pagina,ocr,colunas,colunas_ok
pesquisa_atlas__eleicoes_acre_2026_261003_3c685f199202964d.pdf,35,True,12,12
pesquisa_atlas__eleicoes_acre_2026_261003_3c685f199202964d.pdf,35,True,10,8
pesquisa_atlas__eleicoes_acre_2026_261003_3c685f199202964d.pdf,35,True,11,11
pesquisa_atlas__eleicoes_acre_2026_261003_3c685f199202964d.pdf,35,True,4,4
pesquisa_atlas__eleicoes_amapa_2026__261003_4266dc9abb48dc18.pdf,28,True,12,11
pesquisa_atlas__eleicoes_amapa_2026__261003_4266dc9abb48dc18.pdf,28,True,10,10
pesquisa_atlas__eleicoes_amapa_2026__261003_4266dc9abb48dc18.pdf,28,True,9,8
pesquisa_atlas__eleicoes_amapa_2026__261003_4266dc9abb48dc18.pdf,28,True,5,5
pesquisa_atlas__eleicoes_distrito_federal_2026__261003_0589d044ed6f2a71.pdf,32,True,14,13
pesquisa_atlas__eleicoes_distrito_federal_2026__261003_0589d044ed6f2a71.pdf,32,True,12,11
pesquisa_atlas__eleicoes_distrito_federal_2026__261003_0589d044ed6f2a71.pdf,32,True,11,11
pesquisa_atlas__eleicoes_distrito_federal_2026__261003_0589d044ed6f2a71.pdf,32,True,4,4
pesquisa_atlas__eleicoes_espirito_santo_2026__261003_990b45cf157d3409.pdf,29,True,9,9
pesquisa_atlas__eleicoes_espirito_santo_2026__261003_990b45cf157d3409.pdf,29,True,10,9
pesquisa_atlas__eleicoes_espirito_santo_2026__261003_990b45cf157d3409.pdf,29,True,9,9
pesquisa_atlas__eleicoes_espirito_santo_2026__261003_990b45cf157d3409.pdf,29,True,7,6
pesquisa_atlas__eleicoes_goias_2026__261003_48680e1775c298f2.pdf,33,True,9,9
pesquisa_atlas__eleicoes_goias_2026__261003_48680e1775c298f2.pdf,33,True,10,10
pesquisa_atlas__eleicoes_goias_2026__261003_48680e1775c298f2.pdf,33,True,11,11
pesquisa_atlas__eleicoes_maranhao_2026__261003_48ad7dd58c6f8b46.pdf,29,True,9,9
pesquisa_atlas__eleicoes_maranhao_2026__261003_48ad7dd58c6f8b46.pdf,29,True,10,9
pesquisa_atlas__eleicoes_maranhao_2026__261003_48ad7dd58c6f8b46.pdf,29,True,11,11
pesquisa_atlas__eleicoes_mato_grosso_2026__261003_6c9e24b8c820dd44.pdf,32,True,9,9
pesquisa_atlas__eleicoes_mato_grosso_2026__261003_6c9e24b8c820dd44.pdf,32,True,10,10
pesquisa_atlas__eleicoes_mato_grosso_2026__261003_6c9e24b8c820dd44.pdf,32,True,9,9
pesquisa_atlas__eleicoes_mato_grosso_2026__261003_6c9e24b8c820dd44.pdf,32,True,6,6
pesquisa_atlas__eleicoes_mato_grosso_do_sul_2026__261003_e4d7cb11c9340c6d.pdf,33,True,9,9
pesquisa_atlas__eleicoes_mato_grosso_do_sul_2026__261003_e4d7cb11c9340c6d.pdf,33,True,9,9
pesquisa_atlas__eleicoes_mato_grosso_do_sul_2026__261003_e4d7cb11c9340c6d.pdf,33,True,9,9
pesquisa_atlas__eleicoes_mato_grosso_do_sul_2026__261003_e4d7cb11c9340c6d.pdf,33,True,8,6
pesquisa_atlas__eleicoes_para_2026_261003_73d3d84100fa7c48.pdf,29,True,9,9
pesquisa_atlas__eleicoes_para_2026_261003_73d3d84100fa7c48.pdf,29,True,10,10
pesquisa_atlas__eleicoes_para_2026_261003_73d3d84100fa7c48.pdf,29,True,10,10
pesquisa_atlas__eleicoes_paraiba_2026_261003_3189c456b3b38b4b.pdf,28,True,9,9
pesquisa_atlas__eleicoes_paraiba_2026_261003_3189c456b3b38b4b.pdf,28,True,10,9
pesquisa_atlas__eleicoes_paraiba_2026_261003_3189c456b3b38b4b.pdf,28,True,9,8
pesquisa_atlas__eleicoes_parana_2026__261003_03d21a95487e2276.pdf,28,True,12,10
pesquisa_atlas__eleicoes_parana_2026__261003_03d21a95487e2276.pdf,28,True,15,15
pesquisa_atlas__eleicoes_pernambuco_2026__261003_0a32bcad1047a3ae.pdf,33,True,9,8
pesquisa_atlas__eleicoes_pernambuco_2026__261003_0a32bcad1047a3ae.pdf,33,True,10,9
pesquisa_atlas__eleicoes_pernambuco_2026__261003_0a32bcad1047a3ae.pdf,33,True,9,9
pesquisa_atlas__eleicoes_rio_grande_do_norte_261003_64edec3832ed9c3f.pdf,29,True,6,5
pesquisa_atlas__eleicoes_rio_grande_do_norte_261003_64edec3832ed9c3f.pdf,29,True,6,6
pesquisa_atlas__eleicoes_rio_grande_do_norte_261003_64edec3832ed9c3f.pdf,29,True,9,9
pesquisa_atlas__eleicoes_rio_grande_do_sul_2026__261003_7c410264cd72af23.pdf,33,True,9,9
pesquisa_atlas__eleicoes_rio_grande_do_sul_2026__261003_7c410264cd72af23.pdf,33,True,11,11
pesquisa_atlas__eleicoes_rio_grande_do_sul_2026__261003_7c410264cd72af23.pdf,33,True,9,9
pesquisa_atlas__eleicoes_rondonia_2026__261003_4a73a96760cd4fc5.pdf,30,True,9,9
pesquisa_atlas__eleicoes_rondonia_2026__261003_4a73a96760cd4fc5.pdf,30,True,8,7
pesquisa_atlas__eleicoes_rondonia_2026__261003_4a73a96760cd4fc5.pdf,30,True,9,9
pesquisa_atlas__eleicoes_rondonia_2026__261003_4a73a96760cd4fc5.pdf,30,True,4,4
pesquisa_atlas__eleicoes_roraima_2026_261003_7abf950d51dd8f24.pdf,33,True,9,9
pesquisa_atlas__eleicoes_roraima_2026_261003_7abf950d51dd8f24.pdf,33,True,8,8
pesquisa_atlas__eleicoes_roraima_2026_261003_7abf950d51dd8f24.pdf,33,True,10,10
pesquisa_atlas__eleicoes_roraima_2026_261003_7abf950d51dd8f24.pdf,33,True,8,7
pesquisa_atlas__eleicoes_sergipe_2026__261003_d330cac9f9c55825.pdf,30,True,12,3
pesquisa_atlas__eleicoes_sergipe_2026__261003_d330cac9f9c55825.pdf,30,True,10,5
pesquisa_atlas__eleicoes_sergipe_2026__261003_d330cac9f9c55825.pdf,30,True,8,3
pesquisa_atlas__eleicoes_sergipe_2026__261003_d330cac9f9c55825.pdf,30,True,4,1
pesquisa_atlas__eleicoes_tocantins_2026__261003_bda58712a9171206.pdf,29,True,9,8
pesquisa_atlas__eleicoes_tocantins_2026__261003_bda58712a9171206.pdf,29,True,8,7
pesquisa_atlas__eleicoes_tocantins_2026__261003_bda58712a9171206.pdf,29,True,12,12
pmzl5pv3clpqn4qxot1ykftnjvnus9a8bqs-4zxigfg.pdf,53,False,11,11
pmzl5pv3clpqn4qxot1ykftnjvnus9a8bqs-4zxigfg.pdf,53,False,11,11
pmzl5pv3clpqn4qxot1ykftnjvnus9a8bqs-4zxigfg.pdf,53,False,11,11
z449esriv9uiuf2nkkin3zmjzj79u-frfagzqbw2ors.pdf,44,False,11,11
z449esriv9uiuf2nkkin3zmjzj79u-frfagzqbw2ors.pdf,44,False,11,11
z449esriv9uiuf2nkkin3zmjzj79u-frfagzqbw2ors.pdf,44,False,14,14
