instituto,abrangencia_uf,registro_tse,amostra,margem_erro_pp,campo,arquivo,url,data_acesso,nota,tipo_fonte,confiabilidade
AtlasIntel,acre,AC-00679/2026,836.0,3.0,27/09/2026-02/10/2026,pesquisa_atlas__eleicoes_acre_2026_261003_3c685f199202964d.pdf,https://cdn1.atlasintel.org/pesquisa_atlas__eleicoes_acre_2026_261003_3c685f199202964d.pdf,2026-10-07 21:55,,primaria,media
AtlasIntel,alagoas,AL-06372/2026,1207.0,3.0,27/09/2026-02/10/2026,pesquisa_atlas__eleicoes_alagoas_2026__261003_ab0560e8d68962fb.pdf,https://cdn1.atlasintel.org/pesquisa_atlas__eleicoes_alagoas_2026__261003_ab0560e8d68962fb.pdf,2026-10-07 21:55,"margem conferida: o OCR leu '±3 p.p.' como '13'; conferido visualmente no PDF de Goiás (p. 5), mesmo layout nos 9 relatórios",primaria,media
AtlasIntel,amapa,AP-01238/2026,818.0,3.0,27/09/2026-02/10/2026,pesquisa_atlas__eleicoes_amapa_2026__261003_4266dc9abb48dc18.pdf,https://cdn1.atlasintel.org/pesquisa_atlas__eleicoes_amapa_2026__261003_4266dc9abb48dc18.pdf,2026-10-07 21:55,"margem conferida: o OCR leu '±3 p.p.' como '13'; conferido visualmente no PDF de Goiás (p. 5), mesmo layout nos 9 relatórios",primaria,media
AtlasIntel,distrito federal,DF-04297/2026,1211.0,3.0,27/09/2026-02/10/2026,pesquisa_atlas__eleicoes_distrito_federal_2026__261003_0589d044ed6f2a71.pdf,https://cdn1.atlasintel.org/pesquisa_atlas__eleicoes_distrito_federal_2026__261003_0589d044ed6f2a71.pdf,2026-10-07 21:55,"margem conferida: o OCR leu '±3 p.p.' como '13'; conferido visualmente no PDF de Goiás (p. 5), mesmo layout nos 9 relatórios",primaria,media
AtlasIntel,espirito santo,ES-01573/2026,1226.0,3.0,27/09/2026-02/10/2026,pesquisa_atlas__eleicoes_espirito_santo_2026__261003_990b45cf157d3409.pdf,https://cdn1.atlasintel.org/pesquisa_atlas__eleicoes_espirito_santo_2026__261003_990b45cf157d3409.pdf,2026-10-07 21:55,"margem conferida: o OCR leu '±3 p.p.' como '13'; conferido visualmente no PDF de Goiás (p. 5), mesmo layout nos 9 relatórios",primaria,media
AtlasIntel,goias,GO-03367/2026,1198.0,3.0,27/09/2026-02/10/2026,pesquisa_atlas__eleicoes_goias_2026__261003_48680e1775c298f2.pdf,https://cdn1.atlasintel.org/pesquisa_atlas__eleicoes_goias_2026__261003_48680e1775c298f2.pdf,2026-10-07 21:55,"margem conferida: o OCR leu '±3 p.p.' como '13'; conferido visualmente no PDF de Goiás (p. 5), mesmo layout nos 9 relatórios",primaria,media
AtlasIntel,maranhao,MA-05988/2026,1267.0,2.0,27/09/2026-02/10/2026,pesquisa_atlas__eleicoes_maranhao_2026__261003_48ad7dd58c6f8b46.pdf,https://cdn1.atlasintel.org/pesquisa_atlas__eleicoes_maranhao_2026__261003_48ad7dd58c6f8b46.pdf,2026-10-07 21:55,,primaria,media
AtlasIntel,mato grosso,MT-00323/2026,1194.0,3.0,27/09/2026-02/10/2026,pesquisa_atlas__eleicoes_mato_grosso_2026__261003_6c9e24b8c820dd44.pdf,https://cdn1.atlasintel.org/pesquisa_atlas__eleicoes_mato_grosso_2026__261003_6c9e24b8c820dd44.pdf,2026-10-07 21:55,,primaria,media
AtlasIntel,mato grosso do sul,MS-05642/2026,1211.0,3.0,27/09/2026-02/10/2026,pesquisa_atlas__eleicoes_mato_grosso_do_sul_2026__261003_e4d7cb11c9340c6d.pdf,https://cdn1.atlasintel.org/pesquisa_atlas__eleicoes_mato_grosso_do_sul_2026__261003_e4d7cb11c9340c6d.pdf,2026-10-07 21:55,"margem conferida: o OCR leu '±3 p.p.' como '13'; conferido visualmente no PDF de Goiás (p. 5), mesmo layout nos 9 relatórios",primaria,media
AtlasIntel,para,PA-06872/2026,1206.0,3.0,27/09/2026-02/10/2026,pesquisa_atlas__eleicoes_para_2026_261003_73d3d84100fa7c48.pdf,https://cdn1.atlasintel.org/pesquisa_atlas__eleicoes_para_2026_261003_73d3d84100fa7c48.pdf,2026-10-07 21:55,"margem conferida: o OCR leu '±3 p.p.' como '13'; conferido visualmente no PDF de Goiás (p. 5), mesmo layout nos 9 relatórios",primaria,media
AtlasIntel,paraiba,PB-09926/2026,1268.0,3.0,27/09/2026-02/10/2026,pesquisa_atlas__eleicoes_paraiba_2026_261003_3189c456b3b38b4b.pdf,https://cdn1.atlasintel.org/pesquisa_atlas__eleicoes_paraiba_2026_261003_3189c456b3b38b4b.pdf,2026-10-07 21:55,"margem conferida: o OCR leu '±3 p.p.' como '13'; conferido visualmente no PDF de Goiás (p. 5), mesmo layout nos 9 relatórios",primaria,media
AtlasIntel,parana,PR-05944/2026,1828.0,2.0,27/09/2026-02/10/2026,pesquisa_atlas__eleicoes_parana_2026__261003_03d21a95487e2276.pdf,https://cdn1.atlasintel.org/pesquisa_atlas__eleicoes_parana_2026__261003_03d21a95487e2276.pdf,2026-10-07 21:55,,primaria,media
AtlasIntel,pernambuco,PE-08717/2026,2199.0,2.0,27/09/2026-02/10/2026,pesquisa_atlas__eleicoes_pernambuco_2026__261003_0a32bcad1047a3ae.pdf,https://cdn1.atlasintel.org/pesquisa_atlas__eleicoes_pernambuco_2026__261003_0a32bcad1047a3ae.pdf,2026-10-07 21:55,,primaria,media
AtlasIntel,rio grande do norte,RN-09366/2026,1256.0,3.0,27/09/2026-02/10/2026,pesquisa_atlas__eleicoes_rio_grande_do_norte_261003_64edec3832ed9c3f.pdf,https://cdn1.atlasintel.org/pesquisa_atlas__eleicoes_rio_grande_do_norte_261003_64edec3832ed9c3f.pdf,2026-10-07 21:55,,primaria,media
AtlasIntel,rio grande do sul,RS-01974/2026,1812.0,2.0,27/09/2026-02/10/2026,pesquisa_atlas__eleicoes_rio_grande_do_sul_2026__261003_7c410264cd72af23.pdf,https://cdn1.atlasintel.org/pesquisa_atlas__eleicoes_rio_grande_do_sul_2026__261003_7c410264cd72af23.pdf,2026-10-07 21:55,,primaria,media
AtlasIntel,rondonia,RO-08508/2026,1232.0,3.0,27/09/2026-02/10/2026,pesquisa_atlas__eleicoes_rondonia_2026__261003_4a73a96760cd4fc5.pdf,https://cdn1.atlasintel.org/pesquisa_atlas__eleicoes_rondonia_2026__261003_4a73a96760cd4fc5.pdf,2026-10-07 21:55,,primaria,media
AtlasIntel,roraima,RR-07765/2026,869.0,3.0,27/09/2026-02/10/2026,pesquisa_atlas__eleicoes_roraima_2026_261003_7abf950d51dd8f24.pdf,https://cdn1.atlasintel.org/pesquisa_atlas__eleicoes_roraima_2026_261003_7abf950d51dd8f24.pdf,2026-10-07 21:55,,primaria,media
AtlasIntel,santa catarina,SC-01831/2026,1794.0,2.0,27/09/2026-02/10/2026,pesquisa_atlas__eleicoes_santa_catarina_2026__261003_b5fa23fe773d3426.pdf,https://cdn1.atlasintel.org/pesquisa_atlas__eleicoes_santa_catarina_2026__261003_b5fa23fe773d3426.pdf,2026-10-07 21:55,,primaria,media
AtlasIntel,sergipe,SE-00543/2026,1261.0,3.0,27/09/2026-02/10/2026,pesquisa_atlas__eleicoes_sergipe_2026__261003_d330cac9f9c55825.pdf,https://cdn1.atlasintel.org/pesquisa_atlas__eleicoes_sergipe_2026__261003_d330cac9f9c55825.pdf,2026-10-07 21:55,,primaria,media
AtlasIntel,tocantins,TO-01775/2026,838.0,3.0,27/09/2026-02/10/2026,pesquisa_atlas__eleicoes_tocantins_2026__261003_bda58712a9171206.pdf,https://cdn1.atlasintel.org/pesquisa_atlas__eleicoes_tocantins_2026__261003_bda58712a9171206.pdf,2026-10-07 21:55,"margem conferida: o OCR leu '±3 p.p.' como '13'; conferido visualmente no PDF de Goiás (p. 5), mesmo layout nos 9 relatórios",primaria,media
Datafolha,,BR-08039/2026,2506.0,2.0,29 de setembro a 1º de outubro de 2026,pmzl5pv3clpqn4qxot1ykftnjvnus9a8bqs-4zxigfg.pdf,https://media.folha.uol.com.br/datafolha/2026/10/02/pmzl5pv3clpqn4qxot1ykftnjvnus9a8bqs-4zxigfg.pdf,2026-10-07 21:55,,primaria,alta
Datafolha,,BR-04496/2026,2058.0,2.0,18 e 19 de agosto de 2026,z449esriv9uiuf2nkkin3zmjzj79u-frfagzqbw2ors.pdf,https://media.folha.uol.com.br/datafolha/2026/08/24/z449esriv9uiuf2nkkin3zmjzj79u-frfagzqbw2ors.pdf,2026-10-07 21:55,,primaria,alta
