instituto,data_campo,registro_tse,abrangencia,tema,pct,recorte,url
Quaest (contratante: TV Globo/O Globo),2026-08-30 a 2026-09-01,BR-07065/2026,nacional; 2.004 eleitores; margem 2 p.p.,violencia/seguranca,31,total,https://www.diariodepernambuco.com.br/politica/2026/09/11722889-quaest-violencia-e-a-maior-preocupacao-para-31-dos-eleitores.html
Quaest (contratante: TV Globo/O Globo),2026-08-30 a 2026-09-01,BR-07065/2026,nacional; 2.004 eleitores; margem 2 p.p.,economia,16,total,https://www.diariodepernambuco.com.br/politica/2026/09/11722889-quaest-violencia-e-a-maior-preocupacao-para-31-dos-eleitores.html
Quaest (contratante: TV Globo/O Globo),2026-08-30 a 2026-09-01,BR-07065/2026,nacional; 2.004 eleitores; margem 2 p.p.,saude,14,total,https://www.diariodepernambuco.com.br/politica/2026/09/11722889-quaest-violencia-e-a-maior-preocupacao-para-31-dos-eleitores.html
Quaest (contratante: TV Globo/O Globo),2026-08-30 a 2026-09-01,BR-07065/2026,nacional; 2.004 eleitores; margem 2 p.p.,corrupcao,14,total,https://www.diariodepernambuco.com.br/politica/2026/09/11722889-quaest-violencia-e-a-maior-preocupacao-para-31-dos-eleitores.html
Quaest (contratante: TV Globo/O Globo),2026-08-30 a 2026-09-01,BR-07065/2026,nacional; 2.004 eleitores; margem 2 p.p.,problemas sociais,13,total,https://www.diariodepernambuco.com.br/politica/2026/09/11722889-quaest-violencia-e-a-maior-preocupacao-para-31-dos-eleitores.html
Quaest (contratante: TV Globo/O Globo),2026-08-30 a 2026-09-01,BR-07065/2026,nacional; 2.004 eleitores; margem 2 p.p.,educacao,7,total,https://www.diariodepernambuco.com.br/politica/2026/09/11722889-quaest-violencia-e-a-maior-preocupacao-para-31-dos-eleitores.html
Quaest (contratante: Pax),2026-09-12 a 2026-09-15,nao_informado (pesquisa de opiniao; registro nao localizado),"nacional; 2.004 entrevistas presenciais, 16+ anos; margem 2 p.p.",violencia/seguranca,28,total,https://www.cnnbrasil.com.br/nacional/brasil/violencia-e-principal-problema-para-28-dos-brasileiros-diz-quaest-pax/
Quaest (contratante: Pax),2026-09-12 a 2026-09-15,nao_informado (pesquisa de opiniao; registro nao localizado),"nacional; 2.004 entrevistas presenciais, 16+ anos; margem 2 p.p.",corrupcao,22,total,https://www.cnnbrasil.com.br/nacional/brasil/violencia-e-principal-problema-para-28-dos-brasileiros-diz-quaest-pax/
Quaest (contratante: Pax),2026-09-12 a 2026-09-15,nao_informado (pesquisa de opiniao; registro nao localizado),"nacional; 2.004 entrevistas presenciais, 16+ anos; margem 2 p.p.",economia,19,total,https://www.cnnbrasil.com.br/nacional/brasil/violencia-e-principal-problema-para-28-dos-brasileiros-diz-quaest-pax/
Quaest (contratante: Pax),2026-09-12 a 2026-09-15,nao_informado (pesquisa de opiniao; registro nao localizado),"nacional; 2.004 entrevistas presenciais, 16+ anos; margem 2 p.p.",saude,15,total,https://www.cnnbrasil.com.br/nacional/brasil/violencia-e-principal-problema-para-28-dos-brasileiros-diz-quaest-pax/
Quaest (contratante: Pax),2026-09-12 a 2026-09-15,nao_informado (pesquisa de opiniao; registro nao localizado),"nacional; 2.004 entrevistas presenciais, 16+ anos; margem 2 p.p.",desemprego,5,total,https://www.cnnbrasil.com.br/nacional/brasil/violencia-e-principal-problema-para-28-dos-brasileiros-diz-quaest-pax/
Quaest (contratante: Pax),2026-09-12 a 2026-09-15,nao_informado (pesquisa de opiniao; registro nao localizado),"nacional; 2.004 entrevistas presenciais, 16+ anos; margem 2 p.p.",educacao,5,total,https://www.cnnbrasil.com.br/nacional/brasil/violencia-e-principal-problema-para-28-dos-brasileiros-diz-quaest-pax/
Quaest (contratante: Pax),2026-09-12 a 2026-09-15,nao_informado (pesquisa de opiniao; registro nao localizado),"nacional; 2.004 entrevistas presenciais, 16+ anos; margem 2 p.p.",infraestrutura,1,total,https://www.cnnbrasil.com.br/nacional/brasil/violencia-e-principal-problema-para-28-dos-brasileiros-diz-quaest-pax/
Quaest (contratante: Pax),2026-09-12 a 2026-09-15,nao_informado (pesquisa de opiniao; registro nao localizado),"nacional; 2.004 entrevistas presenciais, 16+ anos; margem 2 p.p.",violencia/seguranca,29,mulheres,https://www.cnnbrasil.com.br/nacional/brasil/violencia-e-principal-problema-para-28-dos-brasileiros-diz-quaest-pax/
Quaest (contratante: Pax),2026-09-12 a 2026-09-15,nao_informado (pesquisa de opiniao; registro nao localizado),"nacional; 2.004 entrevistas presenciais, 16+ anos; margem 2 p.p.",violencia/seguranca,25,homens,https://www.cnnbrasil.com.br/nacional/brasil/violencia-e-principal-problema-para-28-dos-brasileiros-diz-quaest-pax/
Quaest (contratante: Pax),2026-09-12 a 2026-09-15,nao_informado (pesquisa de opiniao; registro nao localizado),"nacional; 2.004 entrevistas presenciais, 16+ anos; margem 2 p.p.",violencia/seguranca,26,16 a 59 anos,https://www.cnnbrasil.com.br/nacional/brasil/violencia-e-principal-problema-para-28-dos-brasileiros-diz-quaest-pax/
Quaest (contratante: Pax),2026-09-12 a 2026-09-15,nao_informado (pesquisa de opiniao; registro nao localizado),"nacional; 2.004 entrevistas presenciais, 16+ anos; margem 2 p.p.",violencia/seguranca,38,60+ anos,https://www.cnnbrasil.com.br/nacional/brasil/violencia-e-principal-problema-para-28-dos-brasileiros-diz-quaest-pax/
Quaest (contratante: Pax),2026-09-12 a 2026-09-15,nao_informado (pesquisa de opiniao; registro nao localizado),"nacional; 2.004 entrevistas presenciais, 16+ anos; margem 2 p.p.",violencia/seguranca,35,Nordeste,https://www.cnnbrasil.com.br/nacional/brasil/violencia-e-principal-problema-para-28-dos-brasileiros-diz-quaest-pax/
Quaest (contratante: Pax),2026-09-12 a 2026-09-15,nao_informado (pesquisa de opiniao; registro nao localizado),"nacional; 2.004 entrevistas presenciais, 16+ anos; margem 2 p.p.",violencia/seguranca,29,Norte,https://www.cnnbrasil.com.br/nacional/brasil/violencia-e-principal-problema-para-28-dos-brasileiros-diz-quaest-pax/
Quaest (contratante: Pax),2026-09-12 a 2026-09-15,nao_informado (pesquisa de opiniao; registro nao localizado),"nacional; 2.004 entrevistas presenciais, 16+ anos; margem 2 p.p.",violencia/seguranca,25,Sudeste,https://www.cnnbrasil.com.br/nacional/brasil/violencia-e-principal-problema-para-28-dos-brasileiros-diz-quaest-pax/
Quaest (contratante: Pax),2026-09-12 a 2026-09-15,nao_informado (pesquisa de opiniao; registro nao localizado),"nacional; 2.004 entrevistas presenciais, 16+ anos; margem 2 p.p.",violencia/seguranca,23,Sul,https://www.cnnbrasil.com.br/nacional/brasil/violencia-e-principal-problema-para-28-dos-brasileiros-diz-quaest-pax/
Quaest (contratante: Pax),2026-09-12 a 2026-09-15,nao_informado (pesquisa de opiniao; registro nao localizado),"nacional; 2.004 entrevistas presenciais, 16+ anos; margem 2 p.p.",violencia/seguranca,18,Centro-Oeste,https://www.cnnbrasil.com.br/nacional/brasil/violencia-e-principal-problema-para-28-dos-brasileiros-diz-quaest-pax/
Datafolha,2026-03-03 a 2026-03-05,nao_informado,"nacional; 2.004 entrevistas, 16+ anos; margem 2 p.p.",saude,21,total,https://www.brasildefato.com.br/2026/03/10/datafolha-saude-e-seguranca-lideram-lista-de-principais-problemas-do-pais/
Datafolha,2026-03-03 a 2026-03-05,nao_informado,"nacional; 2.004 entrevistas, 16+ anos; margem 2 p.p.",violencia/seguranca,19,total,https://www.brasildefato.com.br/2026/03/10/datafolha-saude-e-seguranca-lideram-lista-de-principais-problemas-do-pais/
Datafolha,2026-03-03 a 2026-03-05,nao_informado,"nacional; 2.004 entrevistas, 16+ anos; margem 2 p.p.","economia (inflacao, cesta basica)",11,total,https://www.brasildefato.com.br/2026/03/10/datafolha-saude-e-seguranca-lideram-lista-de-principais-problemas-do-pais/
Datafolha,2026-03-03 a 2026-03-05,nao_informado,"nacional; 2.004 entrevistas, 16+ anos; margem 2 p.p.",educacao,9,total,https://www.brasildefato.com.br/2026/03/10/datafolha-saude-e-seguranca-lideram-lista-de-principais-problemas-do-pais/
Datafolha,2026-03-03 a 2026-03-05,nao_informado,"nacional; 2.004 entrevistas, 16+ anos; margem 2 p.p.",corrupcao,9,total,https://www.brasildefato.com.br/2026/03/10/datafolha-saude-e-seguranca-lideram-lista-de-principais-problemas-do-pais/
Datafolha,2026-03-03 a 2026-03-05,nao_informado,"nacional; 2.004 entrevistas, 16+ anos; margem 2 p.p.",desemprego,4,total,https://www.brasildefato.com.br/2026/03/10/datafolha-saude-e-seguranca-lideram-lista-de-principais-problemas-do-pais/
Datafolha,2026-03-03 a 2026-03-05,nao_informado,"nacional; 2.004 entrevistas, 16+ anos; margem 2 p.p.",fome/miseria/pobreza,3,total,https://www.brasildefato.com.br/2026/03/10/datafolha-saude-e-seguranca-lideram-lista-de-principais-problemas-do-pais/
Datafolha,2026-03-03 a 2026-03-05,nao_informado,"nacional; 2.004 entrevistas, 16+ anos; margem 2 p.p.",desigualdade/distribuicao de renda,3,total,https://www.brasildefato.com.br/2026/03/10/datafolha-saude-e-seguranca-lideram-lista-de-principais-problemas-do-pais/
Datafolha,2026-03-03 a 2026-03-05,nao_informado,"nacional; 2.004 entrevistas, 16+ anos; margem 2 p.p.",salario,2,total,https://www.brasildefato.com.br/2026/03/10/datafolha-saude-e-seguranca-lideram-lista-de-principais-problemas-do-pais/
Datafolha,2026-03-03 a 2026-03-05,nao_informado,"nacional; 2.004 entrevistas, 16+ anos; margem 2 p.p.",ma administracao,2,total,https://www.brasildefato.com.br/2026/03/10/datafolha-saude-e-seguranca-lideram-lista-de-principais-problemas-do-pais/
Datafolha,2026-03-03 a 2026-03-05,nao_informado,"nacional; 2.004 entrevistas, 16+ anos; margem 2 p.p.",impostos,1,total,https://www.brasildefato.com.br/2026/03/10/datafolha-saude-e-seguranca-lideram-lista-de-principais-problemas-do-pais/
Datafolha,2026-03-03 a 2026-03-05,nao_informado,"nacional; 2.004 entrevistas, 16+ anos; margem 2 p.p.",habitacao,1,total,https://www.brasildefato.com.br/2026/03/10/datafolha-saude-e-seguranca-lideram-lista-de-principais-problemas-do-pais/
Datafolha,2026-03-03 a 2026-03-05,nao_informado,"nacional; 2.004 entrevistas, 16+ anos; margem 2 p.p.",corrupcao,6,renda familiar ate 2 SM,https://www.brasildefato.com.br/2026/03/10/datafolha-saude-e-seguranca-lideram-lista-de-principais-problemas-do-pais/
Datafolha,2026-03-03 a 2026-03-05,nao_informado,"nacional; 2.004 entrevistas, 16+ anos; margem 2 p.p.",corrupcao,4,eleitores de Lula,https://www.brasildefato.com.br/2026/03/10/datafolha-saude-e-seguranca-lideram-lista-de-principais-problemas-do-pais/
Datafolha,2026-03-03 a 2026-03-05,nao_informado,"nacional; 2.004 entrevistas, 16+ anos; margem 2 p.p.",corrupcao,14,eleitores de Flavio Bolsonaro,https://www.brasildefato.com.br/2026/03/10/datafolha-saude-e-seguranca-lideram-lista-de-principais-problemas-do-pais/
AtlasIntel/Bloomberg (Latam Pulse),2026-07-22 a 2026-07-27,nao_informado,"nacional; 5.021 entrevistas online (RDR), 16+; margem 1 p.p.; MULTIPLA ESCOLHA (soma >100%)",criminalidade e trafico de drogas,61.3,total,https://www.metropoles.com/brasil/atlasintel-criminalidade-e-corrupcao-lideram-preocupacoes-dos-brasileiros
AtlasIntel/Bloomberg (Latam Pulse),2026-07-22 a 2026-07-27,nao_informado,"nacional; 5.021 entrevistas online (RDR), 16+; margem 1 p.p.; MULTIPLA ESCOLHA (soma >100%)",corrupcao,57.5,total,https://www.metropoles.com/brasil/atlasintel-criminalidade-e-corrupcao-lideram-preocupacoes-dos-brasileiros
AtlasIntel/Bloomberg (Latam Pulse),2026-07-22 a 2026-07-27,nao_informado,"nacional; 5.021 entrevistas online (RDR), 16+; margem 1 p.p.; MULTIPLA ESCOLHA (soma >100%)",economia/inflacao,22,total,https://www.metropoles.com/brasil/atlasintel-criminalidade-e-corrupcao-lideram-preocupacoes-dos-brasileiros
"Ipsos (What Worries the World, onda set/2026)",2026-08-21 a 2026-09-04,nao_aplicavel (pesquisa internacional),"Brasil; ~1.000 entrevistas online, 16-74 anos; amostra mais urbana/escolarizada; MULTIPLA ESCOLHA",crime e violencia,52,total (publico online 'conectado'),https://resources.ipsos.com/rs/297-CXJ-795/images/What-Worries-the-World-September-26.pdf?version=0
