tema,candidato,posicao_resumo,trecho,fonte_tipo,url,veiculo,data,verificacao
emprego,Lula (PT),"Integrar credito publico, incentivos e compras governamentais a metas de emprego de qualidade; fortalecer Sistema Publico de Emprego (SINE com plataforma de IA); combater pejotizacao (p. 74-75).","[...] integrar a oferta de credito publico, assistencia tecnica, incentivos fiscais e a politica de compras governamentais a compromissos com a geracao de empregos",plano_governo,https://divulgacandcontas.tse.jus.br/divulga/rest/arquivo/doc/120016993257,TSE/DivulgaCandContas (copia baixada de static.congressoemfoco.com.br),2026-08-08,primaria
emprego,Flavio Bolsonaro (PL),Reduzir gradualmente o custo do trabalho 'sem retirar direitos'; contrato com menor custo para 18-24 anos (1o emprego) e para 50+ desempregados ha 12 meses; banco nacional de vagas (p. 43-44).,"Vamos reduzir gradualmente o custo do trabalho, sem retirar direitos, para que mais brasileiros tenham carteira assinada e a protecao que vem com ela.",plano_governo,https://static.poder360.com.br/uploads/2026/08/FLAVIO-BOLSONARO-PARA-O-BRASIL-VENCER-O-ATRASO-1-1.pdf,Plano registrado no TSE (copia publicada pelo Poder360),2026-08-13,primaria
emprego,Lula (PT),"Lupa classificou como correta a fala de Lula sobre aumento de 10,1 milhoes de empregos formais em tres anos e meio (resumo de checagens do 1o turno).","Aumento de 10,1 milhoes de empregos formais nos ultimos tres anos e meio [parafrase da checagem; conferir literal]",checagem,https://www.agencialupa.org/noticias/2026/10/01/erros-e-acertos-dos-candidatos-que-disputam-a-presidencia-do-brasil-em-2026/,Agencia Lupa,2026-10-01,secundaria
emprego,Flavio Bolsonaro (PL),"Lupa: 'falta contexto' na fala de Flavio sobre 'recorde de empresas fechadas' (2,8 mi fecharam em 2025, mas mais de 5 mi abriram). Aos Fatos classificou a mesma alegacao como falsa (live de 01/10).",Recorde de empresas fechadas [parafrase da checagem],checagem,https://www.agencialupa.org/checagem/2026/10/04/apos-confirmacao-do-2o-turno-lula-erra-sobre-superavit-e-flavio-sobre-reeleicao-e-endividamento/,Agencia Lupa,2026-10-04,secundaria
jornada_6x1,Lula (PT),"Fim da escala 6x1 e reducao da jornada para 40h sem reducao salarial, nos termos aprovados na Camara (p. 75).","[...] assegurar o fim da escala 6x1 e a reducao da jornada de trabalho para 40 horas, sem reducao salarial",plano_governo,https://divulgacandcontas.tse.jus.br/divulga/rest/arquivo/doc/120016993257,TSE/DivulgaCandContas (copia baixada de static.congressoemfoco.com.br),2026-08-08,primaria
jornada_6x1,Lula (PT),"Em evento com a industria da construcao, disse que a reducao da jornada levara em conta especificidades de cada categoria.",A jornada de trabalho vai ser aplicada levando em conta a especificidade de cada categoria. Ninguem vai impor isso na marra.,declaracao,https://www.gazetadopovo.com.br/economia/lula-promete-levar-em-conta-especificidades-setoriais-e-nao-impor-fim-da-escala-6x1-na-marra/,Gazeta do Povo,2026-05-19,nao_verificado
jornada_6x1,Flavio Bolsonaro (PL),Nao cita 6x1; defende jornada flexivel e 'negociado sobre o legislado'; critica o governo por querer 'ignorar a prevalencia do negociado' na discussao de jornada (p. 44-45).,"Vamos tambem dar mais liberdade a quem trabalha, com jornada flexivel [...] Por isso defendemos o negociado sobre o legislado",plano_governo,https://static.poder360.com.br/uploads/2026/08/FLAVIO-BOLSONARO-PARA-O-BRASIL-VENCER-O-ATRASO-1-1.pdf,Plano registrado no TSE (copia publicada pelo Poder360),2026-08-13,primaria
jornada_6x1,Flavio Bolsonaro (PL),"Critica a PEC do fim da 6x1 e apoia a PEC 12/2026 (trabalho por hora, com remuneracao e direitos proporcionais), chamando o debate do governo de 'oportunista'.",Tenho proposta infinitamente melhor do que essa que esta na mesa. Liberdade do trabalhador de escolher sua propria carga horaria.,declaracao,https://www.congressoemfoco.com.br/noticia/123034/flavio-defende-trabalho-por-hora-como-alternativa-ao-fim-da-escala-6x1,Congresso em Foco,2026-10-06,secundaria
renda_salario_minimo,Lula (PT),Manter a politica de valorizacao (ganho real) do salario minimo como instrumento de distribuicao de renda (p. 74).,o novo mandato de Lula dara continuidade a politica de valorizacao do salario minimo como meio estrategico de distribuicao de renda,plano_governo,https://divulgacandcontas.tse.jus.br/divulga/rest/arquivo/doc/120016993257,TSE/DivulgaCandContas (copia baixada de static.congressoemfoco.com.br),2026-08-08,primaria
renda_salario_minimo,Lula (PT),"Em ato em Belo Horizonte (2/10), defendeu fim da 6x1, combate ao feminicidio e aumento do salario minimo.",[sem citacao literal na materia] Defendeu 'manutencao da politica de reajuste real do piso nacional' (texto da reportagem),declaracao,https://www.em.com.br/politica/2026/10/7513555-lula-defende-fim-da-escala-6x1-e-aumento-do-salario-minimo-em-bh.html,Estado de Minas,2026-10-02,nao_verificado
renda_salario_minimo,Flavio Bolsonaro (PL),"O plano NAO menciona salario minimo nem regra de reajuste (busca textual no PDF de 76 p.); trata de poder de compra via menos impostos, juros e inflacao (p. 29-33).",[ausencia verificada por busca textual; sem trecho],plano_governo,https://static.poder360.com.br/uploads/2026/08/FLAVIO-BOLSONARO-PARA-O-BRASIL-VENCER-O-ATRASO-1-1.pdf,Plano registrado no TSE (copia publicada pelo Poder360),2026-08-13,primaria
renda_salario_minimo,Flavio Bolsonaro (PL),Plano nao menciona salario minimo. Na sabatina do Jornal Nacional (27/8) disse que nao fara ajuste sobre quem ganha o minimo nem aposentados; nao detalhou regra de reajuste.,"Eu nao farei economia com quem ganha salario minimo, nao farei economia com aposentados.",declaracao,https://sbtnews.sbt.com.br/noticia/eleicoes/flavio-bolsonaro-promete-preservar-valor-do-salario-minimo,SBT News (tambem Exame),2026-08-27,secundaria
renda_salario_minimo,Flavio Bolsonaro (PL),Coordenador economico (Adolfo Sachsida) disse que a campanha mantera a vinculacao entre salario minimo e beneficios previdenciarios; regra de ganho real nao foi detalhada.,"[fala do coordenador, nao do candidato] campanha preparou medidas que garantem a continuidade da vinculacao entre salario minimo e beneficios previdenciarios (texto da reportagem)",declaracao,https://www.infomoney.com.br/politica/campanha-de-flavio-diz-que-vinculacao-entre-salario-minimo-e-previdencia-sera-mantida/,InfoMoney (Reuters),2026-09-25,secundaria
custo_de_vida_inflacao_alimentos,Lula (PT),"Inflacao sob controle com renda real crescendo acima do custo de vida; estoques reguladores e PAA para conter inflacao de alimentos; cesta basica isenta na reforma tributaria; Gas do Povo (p. 11, 49, 58, 66).","Manteremos a inflacao sob controle de forma duradoura e sustentavel, garantindo que a renda real da populacao cresca acima do custo de vida.",plano_governo,https://divulgacandcontas.tse.jus.br/divulga/rest/arquivo/doc/120016993257,TSE/DivulgaCandContas (copia baixada de static.congressoemfoco.com.br),2026-08-08,primaria
custo_de_vida_inflacao_alimentos,Lula (PT),"Em live (13/9), admitiu que a comida 'ainda esta cara' e comparou inflacao de alimentos do governo anterior com a atual.","Na verdade, no governo passado, a inflacao sobre alimentos foi de 56,17%. No nosso governo, foi de 13,6%",declaracao,https://www.dgabc.com.br/Noticia/4346700/lula-criaram-banqueiro-e-criaram-quadrilha-da-previdencia-social-nos-prendemos-os-envolvidos,Diario do Grande ABC,2026-09-13,nao_verificado
custo_de_vida_inflacao_alimentos,Flavio Bolsonaro (PL),"Programa 'Brasil Mais Barato': reduzir impostos sobre consumo, energia e combustiveis; simplificar conta de luz (reduzir CDE, mantida tarifa social); armazenagem, seguro rural e fertilizantes nacionais para baratear comida (p. 29-33).","Menos imposto no preco, conta de luz mais simples, comida mais estavel e juros menores somam uma coisa so: o mesmo salario comprando mais.",plano_governo,https://static.poder360.com.br/uploads/2026/08/FLAVIO-BOLSONARO-PARA-O-BRASIL-VENCER-O-ATRASO-1-1.pdf,Plano registrado no TSE (copia publicada pelo Poder360),2026-08-13,primaria
custo_de_vida_inflacao_alimentos,Flavio Bolsonaro (PL),"Video de campanha (13/8) sobre preco da picanha que, segundo representacao da coligacao de Lula ao TSE (21/9), montou falas de Lula fora de contexto ('se nao tem carne, a gente come ovo').",Quanto ta a picanha na sua cidade? Coloque o preco nos comentarios!,declaracao,https://www.infomoney.com.br/politica/campanha-de-lula-aciona-tse-contra-flavio-por-propaganda-sobre-preco-da-carne/,"InfoMoney (tambem O Tempo, Jornal de Brasilia)",2026-08-13,secundaria
custo_de_vida_inflacao_alimentos,Flavio Bolsonaro (PL),Lupa: 'falta contexto' na fala de 'recorde de brasileiros endividados' (crescimento vem desde o governo anterior). Aos Fatos: 'povo endividado' parcialmente correto.,Recorde de brasileiros endividados [parafrase da checagem],checagem,https://www.agencialupa.org/checagem/2026/10/04/apos-confirmacao-do-2o-turno-lula-erra-sobre-superavit-e-flavio-sobre-reeleicao-e-endividamento/,Agencia Lupa,2026-10-04,secundaria
saude_sus,Lula (PT),"Ampliar 'Agora tem Especialistas' (filas), Farmacia Popular 100% gratuita incluindo exames, prontuario unico, teleconsulta e IA na regulacao; Mais Medicos (p. 34-40).",Nosso compromisso com o fortalecimento do SUS publico e universal e inalienavel.,plano_governo,https://divulgacandcontas.tse.jus.br/divulga/rest/arquivo/doc/120016993257,TSE/DivulgaCandContas (copia baixada de static.congressoemfoco.com.br),2026-08-08,primaria
saude_sus,Lula (PT),"Anunciou (17/9, Eurofarma, Montes Claros-MG) oferta gratuita de 'canetas emagrecedoras' no SUS para pessoas com obesidade; protocolo ainda em elaboracao.","Essa canetinha vai ser utilizada para cuidar de graca das pessoas que tenham obesidade, quando o medico detectar [...]",declaracao,https://sbtnews.sbt.com.br/noticia/saude/lula-anuncia-ampliacao-de-canetas-emagrecedoras-no-sus,"SBT News (tambem Diario do Nordeste, O Hoje)",2026-09-17,secundaria
saude_sus,Flavio Bolsonaro (PL),"Corrigir a tabela SUS, ampliar Estrategia Saude da Familia, contratar exames na rede privada em horario ocioso, telessaude, entrega de remedio em casa, prontuario eletronico unico (p. 25, 37-38).",Vamos garantir as condicoes para que seja possivel a correcao efetiva da tabela SUS.,plano_governo,https://static.poder360.com.br/uploads/2026/08/FLAVIO-BOLSONARO-PARA-O-BRASIL-VENCER-O-ATRASO-1-1.pdf,Plano registrado no TSE (copia publicada pelo Poder360),2026-08-13,primaria
saude_sus,Flavio Bolsonaro (PL),Criticou a promessa das canetas no SUS como inviavel diante da falta de remedios basicos nas UBS.,E a nova picanha dele. Ele vai prometer e nao vai entregar,declaracao,"https://www.terra.com.br/noticias/brasil/politica/flavio-caneta-de-emagrecimento-no-sus-e-a-nova-picanha-do-lula-ele-nao-vai-entregar,6c7b5fb2d4aaa1617100b31822790c50dtcu7srx.html",Estadao/Broadcast via Terra (tambem A Critica),2026-09-28,secundaria
educacao,Lula (PT),Tempo integral como 'absoluta prioridade'; meta de 80% de criancas alfabetizadas na idade certa; creches pelo Novo PAC; manter Pe-de-Meia e piso do magisterio; expandir IFs e universidades (p. 30-34).,O fomento a expansao da educacao em tempo integral tera absoluta prioridade no novo mandato.,plano_governo,https://divulgacandcontas.tse.jus.br/divulga/rest/arquivo/doc/120016993257,TSE/DivulgaCandContas (copia baixada de static.congressoemfoco.com.br),2026-08-08,primaria
educacao,Flavio Bolsonaro (PL),Alfabetizacao pelo metodo fonico; financiamento por resultados; ampliar escolas civico-militares; 'escola sem doutrinacao'; voucher onde faltar vaga; ensino tecnico com setor produtivo; ensino superior sob o MCTI (p. 34-37).,"Vamos ampliar as Escolas Civico-Militares, que uniram disciplina e bom desempenho onde foram implantadas",plano_governo,https://static.poder360.com.br/uploads/2026/08/FLAVIO-BOLSONARO-PARA-O-BRASIL-VENCER-O-ATRASO-1-1.pdf,Plano registrado no TSE (copia publicada pelo Poder360),2026-08-13,primaria
seguranca_publica,Lula (PT),PEC da Seguranca e criacao do Ministerio da Seguranca Publica apos aprovacao; asfixia financeira do crime (Lei Antifaccao); FICCOs; controle de armas; cameras corporais (p. 26-30).,"Uma vez aprovada a PEC da Seguranca Publica proposta pelo Executivo, criaremos o Ministerio da Seguranca Publica",plano_governo,https://divulgacandcontas.tse.jus.br/divulga/rest/arquivo/doc/120016993257,TSE/DivulgaCandContas (copia baixada de static.congressoemfoco.com.br),2026-08-08,primaria
seguranca_publica,Lula (PT),"Apos o 1o turno, defendeu ampliar o papel federal na seguranca porque os estados sozinhos nao dao conta do crime organizado.",O Estado sozinho nao da conta da seguranca publica. E por que nao da conta? Porque a bandidagem cresceu.,declaracao,https://www.poder360.com.br/poder-eleicoes-2026/lula-diz-que-bandidagem-cresceu-e-estado-nao-da-conta/,Poder360 (tambem Brasil em Folhas),2026-10-05,secundaria
seguranca_publica,Lula (PT),Lema de campanha para o 2o turno sobre seguranca.,"Para o povo trabalhador, protecao; para o bandido, prisao",declaracao,https://ncnews.com.br/2026/10/07/lula-defende-pec-seguranca-lema-campanha-segundo-turno/,NC News,2026-10-07,nao_verificado
seguranca_publica,Flavio Bolsonaro (PL),"Declarar PCC, CV e milicias 'narcoterroristas'; reduzir maioridade penal para 16; 5 presidios de seguranca maxima (complexo 'TREVA'); fim da progressao para hediondos; castracao quimica; 1 milhao de cameras com reconhecimento facial (p. 13-16).","PCC, CV, milicias e todas as outras faccoes serao declaradas como organizacoes narcoterroristas.",plano_governo,https://static.poder360.com.br/uploads/2026/08/FLAVIO-BOLSONARO-PARA-O-BRASIL-VENCER-O-ATRASO-1-1.pdf,Plano registrado no TSE (copia publicada pelo Poder360),2026-08-13,primaria
seguranca_publica,Lula (PT),Lupa classificou como exagerada fala de Lula sobre feminicidio; o pais bateu recorde historico em 2025.,[parafrase da checagem] Pais livre de feminicidio,checagem,https://www.agencialupa.org/noticias/2026/10/01/erros-e-acertos-dos-candidatos-que-disputam-a-presidencia-do-brasil-em-2026/,Agencia Lupa,2026-10-01,secundaria
moradia_mcmv,Lula (PT),"Manter e ampliar o Minha Casa Minha Vida para todas as faixas, com foco na baixa renda; Compra Assistida; terrenos da Uniao; Reforma Casa Brasil; Periferia Viva (p. 45-46).","O MCMV sera mantido e ampliado no proximo mandato, para todas as faixas de renda e preservando seu foco nas familias de mais baixa renda.",plano_governo,https://divulgacandcontas.tse.jus.br/divulga/rest/arquivo/doc/120016993257,TSE/DivulgaCandContas (copia baixada de static.congressoemfoco.com.br),2026-08-08,primaria
moradia_mcmv,Flavio Bolsonaro (PL),"Retomar o 'Casa Verde e Amarela' com meta de 2,5 milhoes de residencias; regularizacao fundiaria (titulo de preferencia em nome da mulher); PPPs moradia+infraestrutura (p. 47).","Vamos retomar o Casa Verde e Amarela, com meta de 2,5 milhoes de residencias e a menor taxa de juros possivel no financiamento.",plano_governo,https://static.poder360.com.br/uploads/2026/08/FLAVIO-BOLSONARO-PARA-O-BRASIL-VENCER-O-ATRASO-1-1.pdf,Plano registrado no TSE (copia publicada pelo Poder360),2026-08-13,primaria
transporte_mobilidade,Lula (PT),"Apoiar transporte coletivo de alta capacidade (metro, trem, VLT, BRT) e eletrificacao de frotas via Novo PAC. Plano nao menciona 'tarifa zero' (p. 46).",Nosso compromisso e continuar apoiando investimentos em transporte coletivo de alta capacidade e na modernizacao e eletrificacao progressiva das frotas,plano_governo,https://divulgacandcontas.tse.jus.br/divulga/rest/arquivo/doc/120016993257,TSE/DivulgaCandContas (copia baixada de static.congressoemfoco.com.br),2026-08-08,primaria
transporte_mobilidade,Flavio Bolsonaro (PL),"Transporte coletivo como base da mobilidade; bancos publicos priorizam metro, trilhos e onibus eletricos/biocombustivel; R$ 900 bi em logistica; Trem do Nordeste (p. 50-51).","Os bancos publicos priorizarao o financiamento de linhas de metro, transporte sobre trilhos e onibus movidos a eletricidade e biocombustiveis.",plano_governo,https://static.poder360.com.br/uploads/2026/08/FLAVIO-BOLSONARO-PARA-O-BRASIL-VENCER-O-ATRASO-1-1.pdf,Plano registrado no TSE (copia publicada pelo Poder360),2026-08-13,primaria
programas_sociais,Lula (PT),"Manter, aperfeicoar e ampliar a protecao social (Bolsa Familia, BPC, Gas do Povo, Pe-de-Meia); Politica Nacional de Cuidados (p. 18-26, 66).","devemos manter, aperfeicoar e ampliar as politicas de protecao social para quem mais necessita.",plano_governo,https://divulgacandcontas.tse.jus.br/divulga/rest/arquivo/doc/120016993257,TSE/DivulgaCandContas (copia baixada de static.congressoemfoco.com.br),2026-08-08,primaria
programas_sociais,Lula (PT),"Assinou decreto (17/9) com reajuste de 15% do Bolsa Familia: piso de R$ 600 para R$ 691, a 17 dias do 1o turno (ato de governo).",[ato de governo; sem citacao literal] Decreto eleva o beneficio de R$ 600 para R$ 691,declaracao,https://www.poder360.com.br/poder-governo/lula-aumenta-bolsa-familia-para-r-691-a-17-dias-do-1o-turno/,Poder360 (tambem O Tempo),2026-09-17,secundaria
programas_sociais,Flavio Bolsonaro (PL),"Manter os programas sociais com combate a fraudes; prioridade a beneficiarios em qualificacao e 1o emprego; retorno sem fila ao beneficio apos seguro-desemprego; proibir uso de recursos sociais em apostas (p. 33, 42-43).",Quem depende hoje da ajuda do Estado para por comida na mesa nao vai ter essa ajuda tirada. Ponto.,plano_governo,https://static.poder360.com.br/uploads/2026/08/FLAVIO-BOLSONARO-PARA-O-BRASIL-VENCER-O-ATRASO-1-1.pdf,Plano registrado no TSE (copia publicada pelo Poder360),2026-08-13,primaria
programas_sociais,Flavio Bolsonaro (PL),"Em live (17/9), prometeu manter o reajuste de 15,04% do Bolsa Familia e criticou o anuncio como compra de voto.",Comigo ta garantido o Bolsa Familia. Vou manter esse reajuste,declaracao,https://www.cnnbrasil.com.br/eleicoes/flavio-bolsonaro-diz-que-se-eleito-mantera-reajuste-do-bolsa-familia/,CNN Brasil (tambem outros sites),2026-09-17,secundaria
programas_sociais,Flavio Bolsonaro (PL),Aos Fatos classificou como falsa a frase 'Lula deixou o povo com fome' (live de 01/10).,Lula deixou o povo com fome [parafrase da checagem],checagem,https://www.aosfatos.org/noticias/checamos-live-flavio-bolsonaro/,Aos Fatos,2026-10-02,secundaria
programas_sociais,Lula (PT),"Lupa: 'falta contexto' em 'Nos ja vencemos a fome uma vez' (pais saiu do Mapa da Fome, mas ha inseguranca alimentar grave).",Nos ja vencemos a fome uma vez. Tivemos que repetir,checagem,https://www.agencialupa.org/checagem/2026/10/04/apos-confirmacao-do-2o-turno-lula-erra-sobre-superavit-e-flavio-sobre-reeleicao-e-endividamento/,Agencia Lupa,2026-10-04,secundaria
impostos_isencao_ir,Lula (PT),"Consolidar isencao de IR ate R$ 5 mil (ja em vigor desde jan/2026) compensada por tributacao de alta renda; 'justica tributaria'; cesta basica isenta e cashback na reforma do consumo (p. 11, 19).","isentamos de imposto de renda todos os que ganham ate R$ 5.000, compromisso assumido na campanha de 2022",plano_governo,https://divulgacandcontas.tse.jus.br/divulga/rest/arquivo/doc/120016993257,TSE/DivulgaCandContas (copia baixada de static.congressoemfoco.com.br),2026-08-08,primaria
impostos_isencao_ir,Flavio Bolsonaro (PL),"Rever e 'redimensionar' a reforma tributaria do consumo e os aumentos de impostos do atual governo; reduzir o IVA. Plano nao menciona a isencao de IR (p. 30, 71-72).",Vamos promover a revisao e o redimensionamento da reforma tributaria em curso e da majoracao de impostos efetuada pelo atual governo,plano_governo,https://static.poder360.com.br/uploads/2026/08/FLAVIO-BOLSONARO-PARA-O-BRASIL-VENCER-O-ATRASO-1-1.pdf,Plano registrado no TSE (copia publicada pelo Poder360),2026-08-13,primaria
impostos_isencao_ir,Flavio Bolsonaro (PL),"Em forum da revista Veja (15/6), disse que mantera a isencao de IR ate R$ 5 mil e o Bolsa Familia; nao detalhou compensacao fiscal.",[sem citacao literal confirmada] Defendeu manter a isencao do IR para quem ganha ate R$ 5 mil (texto das reportagens),declaracao,https://www.poder360.com.br/poder-eleicoes/flavio-bolsonaro-defende-bolsa-familia-e-isencao-de-ir-ate-r-5-000/,"Poder360 (tambem InfoMoney, Folha PE)",2026-06-15,secundaria
previdencia,Lula (PT),"Reduzir filas do INSS, reestruturar financiamento com fontes diversificadas, contribuicao flexivel e previdencia para trabalhadores de plataforma; critica a reforma de 2019 (p. 77).","buscar reestruturar a base de financiamento da Previdencia, buscando a diversidade das fontes de custeio.",plano_governo,https://divulgacandcontas.tse.jus.br/divulga/rest/arquivo/doc/120016993257,TSE/DivulgaCandContas (copia baixada de static.congressoemfoco.com.br),2026-08-08,primaria
previdencia,Lula (PT),"Em live (13/9), falou da devolucao de descontos indevidos a aposentados e atribuiu o esquema ao governo anterior.","Nos nao so acabamos com a quadrilha, prendemos quase todos eles, ja devolvemos R$ 3,5 bilhoes para mais de 5 milhoes de aposentados",declaracao,https://www.dgabc.com.br/Noticia/4346700/lula-criaram-banqueiro-e-criaram-quadrilha-da-previdencia-social-nos-prendemos-os-envolvidos,Diario do Grande ABC,2026-09-13,nao_verificado
previdencia,Flavio Bolsonaro (PL),"Pacote antifraude no INSS nos moldes da MP 871/2019; nova governanca do consignado com dupla checagem; 'INSS sem fila' (p. 26, 72-73). Nao propoe nova reforma de idade/contribuicao.","Reeditaremos um pacote antifraude na Previdencia, nos moldes do que fizemos em 2019",plano_governo,https://static.poder360.com.br/uploads/2026/08/FLAVIO-BOLSONARO-PARA-O-BRASIL-VENCER-O-ATRASO-1-1.pdf,Plano registrado no TSE (copia publicada pelo Poder360),2026-08-13,primaria
agronegocio_meio_ambiente,Lula (PT),"Ampliar Plano Safra com juros compativeis; programa de resiliencia climatica no campo; desmatamento liquido zero ate 2030; Plano Safra da Agricultura Familiar (p. 58-61, 69-70).","continuaremos trabalhando para alcancar o desmatamento liquido zero ate 2030, meta que reafirmamos.",plano_governo,https://divulgacandcontas.tse.jus.br/divulga/rest/arquivo/doc/120016993257,TSE/DivulgaCandContas (copia baixada de static.congressoemfoco.com.br),2026-08-08,primaria
agronegocio_meio_ambiente,Flavio Bolsonaro (PL),"Seguro rural, securitizacao de dividas, armazenagem, fertilizantes nacionais, titulacao rural e 'seguranca juridica irreversivel' da propriedade; zerar desmatamento ilegal ate 2029; mercado de carbono (p. 53-58).",Teremos a meta de zerar o desmatamento ilegal ate 2029,plano_governo,https://static.poder360.com.br/uploads/2026/08/FLAVIO-BOLSONARO-PARA-O-BRASIL-VENCER-O-ATRASO-1-1.pdf,Plano registrado no TSE (copia publicada pelo Poder360),2026-08-13,primaria
agronegocio_meio_ambiente,Flavio Bolsonaro (PL),"Em video de campanha sobre terras raras no Norte, prometeu acabar com 'amarras ambientais'.","Vamos acabar com essas amarras ambientais, porque, do jeito que esta, nem se preserva o meio ambiente, nem se transforma todo esse potencial em prosperidade",declaracao,https://www.em.com.br/politica/2026/10/7512979-para-ganhar-votos-flavio-promete-acabar-com-amarras-ambientais.html,Estado de Minas (tambem Brasil 247),2026-10-02,secundaria
agronegocio_meio_ambiente,Lula (PT),Lupa classificou como correta a afirmacao de Lula sobre avancos na reducao do desmatamento.,[parafrase da checagem] Avancos na reducao do desmatamento,checagem,https://www.agencialupa.org/noticias/2026/10/01/erros-e-acertos-dos-candidatos-que-disputam-a-presidencia-do-brasil-em-2026/,Agencia Lupa,2026-10-01,secundaria
costumes_religiao,Lula (PT),Plano promete 'direitos sexuais e reprodutivos' e mais contraceptivos no SUS; nao menciona aborto nem secao sobre religiao; politicas para LGBTQIAP+ (p. 21-23).,"promover a autonomia economica, assegurar igualdade de oportunidades e garantir os direitos sexuais e reprodutivos.",plano_governo,https://divulgacandcontas.tse.jus.br/divulga/rest/arquivo/doc/120016993257,TSE/DivulgaCandContas (copia baixada de static.congressoemfoco.com.br),2026-08-08,primaria
costumes_religiao,Lula (PT),"Carta de evangelicos do PT (IV Encontro Nacional, 8/6) defende reeleicao e critica uso politico da fe; evita aborto e pauta LGBT. Documento do nucleo partidario, nao fala do candidato.",[documento partidario] critica a 'tentativa de transformar a religiao em instrumento de manipulacao politica',declaracao,https://www.jornalopcao.com.br/politica/evangelicos-do-pt-defendem-continuidade-do-governo-lula-e-criticam-uso-politico-da-fe-em-carta-nacional-834332/,"Jornal Opcao (tambem Gazeta do Povo, InfoMoney)",2026-06-08,secundaria
costumes_religiao,Flavio Bolsonaro (PL),"Valores 'inegociaveis': familia, vida desde a concepcao, propriedade privada, liberdade de expressao e religiosa; escola 'sem doutrinacao' (p. 9, 35).","o respeito a liberdade, a familia, a vida desde a concepcao, a propriedade privada, a democracia, a liberdade de expressao e a liberdade religiosa.",plano_governo,https://static.poder360.com.br/uploads/2026/08/FLAVIO-BOLSONARO-PARA-O-BRASIL-VENCER-O-ATRASO-1-1.pdf,Plano registrado no TSE (copia publicada pelo Poder360),2026-08-13,primaria
costumes_religiao,Flavio Bolsonaro (PL),"Em video a evangelicos (agosto), disse que um dos primeiros atos seria 'decretar que o Brasil e do Senhor Jesus Cristo'; campanha depois disse tratar-se de oracao simbolica na posse.","Quando eu for presidente, um dos meus primeiros atos sera decretar que o Brasil e do Senhor Jesus Cristo",declaracao,https://www.cnnbrasil.com.br/blogs/jussara-soares/politica/campanha-diz-que-fala-de-flavio-sobre-jesus-se-refere-a-oracao-na-posse/,CNN Brasil (tambem Revista Forum),2026-09-28,secundaria
corrupcao,Lula (PT),"Aprofundar o Plano de Integridade e Combate a Corrupcao 2025-2027, inclusive contra 'os do andar de cima'; Portal da Transparencia com IA (p. 18).",O Plano de Integridade e Combate a Corrupcao 2025-2027 representa um avanco institucional que sera aprofundado,plano_governo,https://divulgacandcontas.tse.jus.br/divulga/rest/arquivo/doc/120016993257,TSE/DivulgaCandContas (copia baixada de static.congressoemfoco.com.br),2026-08-08,primaria
corrupcao,Flavio Bolsonaro (PL),"Fortalecer a Lei das Estatais, recrutamento de dirigentes por regras de mercado, blindar fundos de pensao, retomar desestatizacao 'caso a caso' (p. 68-70).",Vamos blindar os fundos de pensao das estatais da indicacao politica,plano_governo,https://static.poder360.com.br/uploads/2026/08/FLAVIO-BOLSONARO-PARA-O-BRASIL-VENCER-O-ATRASO-1-1.pdf,Plano registrado no TSE (copia publicada pelo Poder360),2026-08-13,primaria
instituicoes_stf_reeleicao,Lula (PT),"Sem proposta equivalente de reforma do STF; enfatiza participacao social, letramento digital e Conselho Nacional pela Soberania Digital (p. 15-17).","Propomos a criacao de um Conselho Nacional pela Soberania Digital, com participacao da sociedade.",plano_governo,https://divulgacandcontas.tse.jus.br/divulga/rest/arquivo/doc/120016993257,TSE/DivulgaCandContas (copia baixada de static.congressoemfoco.com.br),2026-08-08,primaria
instituicoes_stf_reeleicao,Flavio Bolsonaro (PL),Limitar decisoes monocraticas e fim do foro criminal originario no STF; fim da reeleicao para presidente; 'Tesouraco da Censura' contra estruturas de combate a desinformacao (p. 65-67).,E propomos o fim da reeleicao para o cargo de Presidente da Republica.,plano_governo,https://static.poder360.com.br/uploads/2026/08/FLAVIO-BOLSONARO-PARA-O-BRASIL-VENCER-O-ATRASO-1-1.pdf,Plano registrado no TSE (copia publicada pelo Poder360),2026-08-13,primaria
instituicoes_stf_reeleicao,Flavio Bolsonaro (PL),Lupa: falso que Flavio seja 'o unico candidato' comprometido com o fim da reeleicao (outros candidatos do 1o turno tambem defendiam).,Sou o unico candidato que assumiu compromisso pelo fim da reeleicao [parafrase da checagem],checagem,https://www.agencialupa.org/checagem/2026/10/04/apos-confirmacao-do-2o-turno-lula-erra-sobre-superavit-e-flavio-sobre-reeleicao-e-endividamento/,Agencia Lupa,2026-10-04,secundaria
endividamento_apostas,Lula (PT),"Monitorar endividamento, manter fundos garantidores e controles de gasto excessivo em apostas online; Novo Desenrola (p. 12, 49).",mantendo os mecanismos de controle de gastos excessivos em apostas on-line,plano_governo,https://divulgacandcontas.tse.jus.br/divulga/rest/arquivo/doc/120016993257,TSE/DivulgaCandContas (copia baixada de static.congressoemfoco.com.br),2026-08-08,primaria
endividamento_apostas,Flavio Bolsonaro (PL),"Proibir uso de recursos de programas sociais em apostas; campanhas sobre risco de jogos; orientacao financeira pela CAIXA; programa 'Ganha-Ganha' (p. 33, 46).",Vamos proibir o uso dos recursos dos programas sociais para apostas,plano_governo,https://static.poder360.com.br/uploads/2026/08/FLAVIO-BOLSONARO-PARA-O-BRASIL-VENCER-O-ATRASO-1-1.pdf,Plano registrado no TSE (copia publicada pelo Poder360),2026-08-13,primaria
endividamento_apostas,Flavio Bolsonaro (PL),Aos Fatos: falso chamar Lula de 'pai do tigrinho' -- apostas online foram legalizadas em dez/2018 (governo Temer).,Voce que e o pai do tigrinho [parafrase da checagem],checagem,https://www.aosfatos.org/noticias/checamos-live-flavio-bolsonaro/,Aos Fatos,2026-10-02,secundaria
