candidato,tema,paragrafos,compromissos,metas,paginas,publicos_principais,citacao_pagina,citacao,citacao_secao,forca
flavio,agricultura_familiar,3,2,0,27;28;59,rural_agricultores,28,"Vamos instituir a rastreabilidade completa das cadeias produtivas, integrando em um só sistema os cadastros fundiários e ambientais, as guias de trânsito animal, as autorizações de supressão vegetal e o monitoramento por satélite.","licença, outorga e título de propriedade sem espera",2
flavio,agronegocio_meio_ambiente,26,23,2,10;11;27;28;31;49;50;51;52;53;54;55;56;57;58;59;61,rural_agricultores;populacao_negra;criancas_familias;empreendedores,49,"Vamos fazer o Brasil crescer, e esse é um compromisso central do nosso governo.",BRASIL QUE CRESCE o país que dá condições a quem quer trabalhar e produzir,27
flavio,corrupcao,14,11,0,12;63;68;69;70;71;72;73,idosos_aposentados;trabalhadores_formais,63,"O passo mais urgente é retomar o cronograma interrompido de adesão à OCDE, incluindo o fim gradual do IOF sobre o câmbio, que é condição obrigatória do processo.",país integrado ao mundo é país que atrai investimento e emprego,11
flavio,costumes_religiao,26,10,1,9;11;12;13;17;19;21;22;34;35;38;39;41;47;51;74;75,criancas_familias;mulheres;idosos_aposentados;pessoas_com_deficiencia,19,Muitas mulheres permanecem em relações abusivas porque não têm condições financeiras de recomeçar.,da proteção ao patrimônio,12
flavio,custo_de_vida_inflacao_alimentos,37,18,1,8;10;11;29;30;31;32;33;49;50;51;52;53;54;55;68;70;71,criancas_familias;rural_agricultores;baixa_renda;idosos_aposentados,51,"Vamos investir R$ 900 bilhões em quatro anos em rodovias, hidrovias, portos, aeroportos e ferrovias.","a obra que escoa a safra, baixa o preço e gera emprego",20
flavio,educacao,26,18,3,8;11;18;20;21;22;24;33;34;35;36;37;38;40;47;57;69,estudantes;criancas_familias;mulheres;jovens,21,"As mulheres dedicam quase o dobro de horas dos homens ao trabalho doméstico, um cuidado não remunerado que equivale a cerca de 8,5% do PIB brasileiro.",o cuidado como parte da economia,24
flavio,emprego,57,33,3,8;9;10;11;13;17;18;19;20;21;23;24;25;27;28;34;36;37;38;42;43;44;45;46;49;50;51;52;54;55;56;57;60;62;63;64;65,criancas_familias;empreendedores;mulheres;estudantes,21,"As mulheres dedicam quase o dobro de horas dos homens ao trabalho doméstico, um cuidado não remunerado que equivale a cerca de 8,5% do PIB brasileiro.",o cuidado como parte da economia,39
flavio,endividamento_apostas,5,3,1,19;29;32;33;46,criancas_familias;empreendedores;baixa_renda;mulheres,19,Muitas mulheres permanecem em relações abusivas porque não têm condições financeiras de recomeçar.,da proteção ao patrimônio,5
flavio,impostos_isencao_ir,25,13,0,8;11;12;29;30;31;33;44;45;46;53;63;68;69;71;72;74,criancas_familias;baixa_renda;idosos_aposentados;trabalhadores_formais,63,"O passo mais urgente é retomar o cronograma interrompido de adesão à OCDE, incluindo o fim gradual do IOF sobre o câmbio, que é condição obrigatória do processo.",país integrado ao mundo é país que atrai investimento e emprego,13
flavio,instituicoes_stf_reeleicao,14,6,0,9;12;49;65;66;67;70;74,,66,A reforma política é urgente e será prioridade.,Reforma política,6
flavio,jornada_6x1,2,2,0,44;45,jovens;trabalhadores_formais;mulheres;trabalhadores_informais_aplicativo,44,"trabalho para os 18 a 24 anos em busca do primeiro emprego, com menor custo na folha, para que a empresa tenha estímulo a dar a primeira oportunidade e o jovem consiga a experiência que hoje lhe é cobrada e negada ao mesmo tempo.","emprego com carteira, e o esforço valendo a pena",2
flavio,moradia_mcmv,14,8,2,8;11;18;20;22;33;39;42;46;47;51,criancas_familias;mulheres;idosos_aposentados;empreendedores,20,"Vamos ampliar os espaços de acolhimento para mulheres em situação de violência, porque nenhuma mulher deve continuar ao lado do agressor por não ter para onde ir.",a proteção começa pelo lar,12
flavio,periferias_favelas,1,1,1,47,periferia_urbana;criancas_familias,47,"Vamos retomar o Casa Verde e Amarela, com meta de 2,5 milhões de residências e a menor taxa de juros possível no financiamento.",a chave da casa é o começo do patrimônio de uma família,3
flavio,previdencia,11,7,0,23;26;33;45;69;70;72;73,idosos_aposentados;trabalhadores_informais_aplicativo;trabalhadores_formais,69,A máquina pública não pertence a quem está no poder: pertence ao cidadão que a paga.,Enxugar a Máquina e Profissionalizar a Gestão Pública,7
flavio,programas_sociais,11,7,0,9;17;25;33;42;43;46;54,baixa_renda;criancas_familias;mulheres;idosos_aposentados,17,"É o maior programa de inclusão digital, proteção e crescimento financeiro da história do país, construído sobre uma convicção simples: a internet é a maior infraestrutura de prosperidade social do século XXI, e conectar uma mulher é abrir a ela as portas do estudo, do trabalho, do crédito e da proteção.",BRASIL POR ELAS fortalecer as mulheres é fortalecer a família,7
flavio,renda_salario_minimo,1,0,0,17,mulheres;criancas_familias,17,Mais da metade das famílias brasileiras é chefiada por uma mulher.,BRASIL POR ELAS fortalecer as mulheres é fortalecer a família,0
flavio,saneamento,2,2,0,47;57,mulheres,47,"Vamos promover a urbanização de áreas degradadas, evitando o risco de deslizamentos em encostas, e incentivar a regularização fundiária, priorizando as áreas urbanas já consolidadas e reduzindo os vazios urbanos, com parcerias público-privadas que integrem moradia e infraestrutura no mesmo contrato.",a chave da casa é o começo do patrimônio de uma família,2
flavio,saude_sus,13,10,1,21;23;25;26;34;37;38;39;69,criancas_familias;idosos_aposentados;mulheres;pessoas_com_deficiencia,21,"As mulheres dedicam quase o dobro de horas dos homens ao trabalho doméstico, um cuidado não remunerado que equivale a cerca de 8,5% do PIB brasileiro.",o cuidado como parte da economia,12
flavio,seguranca_publica,24,13,5,8;10;11;12;13;14;15;16;18;19;47;58;59;60;61;74,criancas_familias;empreendedores;estudantes;mulheres,13,"Por isso a jornada deste Plano começa aqui, devolvendo o Brasil às mãos de quem trabalha e tirando-o do controle do crime.",BRASIL SEM MEDO A soberania começa na porta da sua casa,23
flavio,soberania_nacional,13,6,1,14;23;29;53;54;58;61;62,criancas_familias;rural_agricultores;idosos_aposentados;baixa_renda,14,"da Força Aérea Brasileira, equipada com armas de guerra, inteligência e tecnologia, responsável por criar um paredão na fronteira.",BRASIL SEM MEDO A soberania começa na porta da sua casa,8
flavio,transporte_mobilidade,11,9,1,11;29;31;49;50;51;52;53;59;60,criancas_familias;rural_agricultores;trabalhadores_formais,51,"Vamos investir R$ 900 bilhões em quatro anos em rodovias, hidrovias, portos, aeroportos e ferrovias.","a obra que escoa a safra, baixa o preço e gera emprego",11
lula,agricultura_familiar,8,7,1,21;59;60,rural_agricultores;mulheres;estudantes;jovens,59,para nossa população.,9. Segurança alimentar e produção agrícola,9
lula,agronegocio_meio_ambiente,60,39,5,9;11;13;14;25;29;40;47;48;50;51;52;54;55;56;59;60;61;62;63;65;67;68;69;70;71;72;73;79;81,rural_agricultores;mulheres;criancas_familias;empreendedores,79,"Fortaleceremos a Inteligência de Estado como instrumento de proteção da soberania, da capacidade decisória e da segurança nacional diante de ameaças geopolíticas, tecnológicas, cibernéticas e do crime organizado transnacional.",P R O G R A M A D E G O V E R N O,49
lula,corrupcao,3,3,1,18;27,,27,"Com a Lei Antifacção, sancionada em 2026, ampliamos nossa capacidade de enfrentar o crime organizado, as milícias e as redes criminosas que alimentam mercados ilícitos, crimes financeiros, corrupção e violência.",P R O G R A M A D E G O V E R N O,5
lula,costumes_religiao,1,0,0,40,,40,"A cultura é uma dimensão estratégica da nossa luta pela democracia, pela soberania, pela justiça social e pela sustentabilidade ambiental.",Cultura,0
lula,custo_de_vida_inflacao_alimentos,20,12,1,10;11;12;47;48;49;50;58;59;63;64;65;66;68,baixa_renda;rural_agricultores;criancas_familias;jovens,64,"A carteira do Novo PAC reúne R$ 595 bilhões em investimentos em geração e transmissão de energia elétrica petróleo, gás, fertilizantes, indústria naval e refino.",P R O G R A M A D E G O V E R N O,14
lula,educacao,30,24,4,9;10;13;17;18;20;23;24;25;30;31;32;33;34;36;43;60,estudantes;criancas_familias;jovens;populacao_negra,31,"O Compromisso Nacional Criança Alfabetizada instituiu uma estratégia nacional de cooperação federativa, cujos resultados – 66% das crianças alfabetizadas na idade certa em 2025 - superaram a meta prevista de 64%.",P R O G R A M A D E G O V E R N O,32
lula,emprego,44,25,4,6;8;9;12;21;23;24;25;26;31;33;42;44;48;50;52;53;54;56;64;66;73;74;75;76;77;78,empreendedores;trabalhadores_informais_aplicativo;mulheres;pessoas_com_deficiencia,73,"Avançaremos na agenda ecológica com a mobilização de financiamento, inovação tecnológica e cooperação entre governos, setor privado e sociedade civil para transformar os desafios ambientais e climáticos em oportunidades de desenvolvimento sustentável, consolidando o Brasil como uma referência global na construção de um",P R O G R A M A D E G O V E R N O,33
lula,endividamento_apostas,3,3,1,12;39;49,rural_agricultores;mulheres;populacao_negra,39,"intensificação da redução da mortalidade materna e atenção específica para mulheres negras, que seguem as mais afetadas por óbitos evitáveis.",P R O G R A M A D E G O V E R N O,5
lula,impostos_isencao_ir,12,6,3,8;10;11;19;26;48;49;56;57;59;76,baixa_renda;mulheres;populacao_negra;empreendedores,19,Esse processo exige políticas públicas transversais e intersetoriais que enfrentem suas causas estruturais.,P R O G R A M A D E G O V E R N O,12
lula,instituicoes_stf_reeleicao,10,3,0,6;8;14;15;16;40;54;55,,16,"e o orçamento secreto são práticas que mudaram as relações entre o Executivo e o Legislativo, sequestram o orçamento público, dispersam os recursos e reduzem a eficiência alocativa.",P R O G R A M A D E G O V E R N O,3
lula,jornada_6x1,3,2,0,25;75;77,empreendedores;jovens;rural_agricultores;trabalhadores_informais_aplicativo,75,"digital e de plataformas, que normatize de forma adequada a atividade empresarial e estabeleça as regras para definir a relação de trabalho, a remuneração, condições de trabalho, proteções e direitos laborais e previdenciários, transparência algorítmica.",P R O G R A M A D E G O V E R N O,2
lula,moradia_mcmv,9,7,4,11;17;18;41;44;45;46,criancas_familias;periferia_urbana;baixa_renda;classe_media,41,"No atual mandato, recuperamos o Cultura Viva e chegamos a 16 mil Pontos e Pontões de Cultura.",Cultura,15
lula,periferias_favelas,7,7,4,25;28;36;41;45;46;55,periferia_urbana;jovens;estudantes;rural_agricultores,41,"No atual mandato, recuperamos o Cultura Viva e chegamos a 16 mil Pontos e Pontões de Cultura.",Cultura,15
lula,previdencia,7,6,0,9;25;74;76;77,trabalhadores_informais_aplicativo;rural_agricultores;empreendedores;jovens,77,"de relações de trabalho no setor público e no setor privado, urbano e rural.",P R O G R A M A D E G O V E R N O,6
lula,programas_sociais,11,6,3,6;10;12;18;19;23;24;32;45;58;65,baixa_renda;criancas_familias;jovens;idosos_aposentados,19,Esse processo exige políticas públicas transversais e intersetoriais que enfrentem suas causas estruturais.,P R O G R A M A D E G O V E R N O,12
lula,renda_salario_minimo,9,7,2,12;18;19;49;58;73;74;77,baixa_renda;criancas_familias;idosos_aposentados;rural_agricultores,19,Esse processo exige políticas públicas transversais e intersetoriais que enfrentem suas causas estruturais.,P R O G R A M A D E G O V E R N O,11
lula,saneamento,6,3,1,11;44;46;47;53;60,periferia_urbana;rural_agricultores,46,"propostas, que envolvem provimento de infraestrutura, moradia digna, equipamentos e serviços públicos.",P R O G R A M A D E G O V E R N O,5
lula,saude_sus,33,24,8,7;9;10;12;18;20;21;22;23;25;34;35;36;37;38;39;40;59,estudantes;criancas_familias;baixa_renda;mulheres,37,Os resultados do Agora tem Especialistas mostram que o caminho está correto.,P R O G R A M A D E G O V E R N O,40
lula,seguranca_publica,23,16,3,9;13;14;21;23;26;27;28;29;30;61;80,mulheres;criancas_familias;jovens;populacao_negra,29,"Continuaremos expandindo e aprimorando o Programa Celular Seguro, que já conta com mais de 4 milhões de usuários cadastrados.",P R O G R A M A D E G O V E R N O,22
lula,soberania_nacional,40,18,1,6;7;8;12;14;16;17;30;33;39;40;47;50;52;54;63;66;67;68;69;71;77;78;79;82;83,empreendedores,79,"Fortaleceremos a Inteligência de Estado como instrumento de proteção da soberania, da capacidade decisória e da segurança nacional diante de ameaças geopolíticas, tecnológicas, cibernéticas e do crime organizado transnacional.",P R O G R A M A D E G O V E R N O,20
lula,transporte_mobilidade,12,6,2,11;37;38;44;46;53;64;65;68;76,mulheres;empreendedores;trabalhadores_informais_aplicativo,37,Os resultados do Agora tem Especialistas mostram que o caminho está correto.,P R O G R A M A D E G O V E R N O,10
