frente,municipios,medida,p05,mediana,p95,prob_positivo
TODOS OS FOCOS,200,potencial (terreno + 2 pp),407092.44511621393,458924.2977151078,513842.619498448,1.0
TODOS OS FOCOS,200,mobilização +2 pp,-7590.455419921875,16562.1845703125,40387.70468749999,0.8765
TODOS OS FOCOS,200,"terceira via, base",-490568.78125,-360242.125,-218904.20078125005,0.0
TODOS OS FOCOS,200,"terceira via, direita",-1306427.8266152919,-856509.5479212794,-388274.1365601832,0.0
TODOS OS FOCOS,200,"margem projetada, base",-1149158.7625,-915864.0,-661185.3250000001,0.0
TODOS OS FOCOS,200,"margem projetada, direita",-1904824.901529209,-1410138.9822647334,-892398.6055453166,0.0
TODOS OS FOCOS,200,"margem projetada, base + 2 pp",-1132642.51875,-898062.65625,-644260.159375,0.0
TODOS OS FOCOS,200,"margem projetada, direita + 2 pp",-1891117.956295331,-1391466.031345454,-877072.1878613536,0.0
Goiás e entorno,40,potencial (terreno + 2 pp),99752.47515843657,105628.63057239275,111704.60739154665,1.0
Goiás e entorno,40,mobilização +2 pp,-124.11654243469238,23.561931610107422,181.1043762207031,0.5935
Goiás e entorno,40,"terceira via, base",-127285.27890625,-101863.83984375,-75774.626171875,0.0
Goiás e entorno,40,"terceira via, direita",-248389.87339219905,-178251.745855839,-104693.26931778729,0.0
Goiás e entorno,40,"margem projetada, base",-883296.040625,-851438.625,-818317.140625,0.0
Goiás e entorno,40,"margem projetada, direita",-1002620.9714660407,-928811.3117504744,-849379.26979746,0.0
Goiás e entorno,40,"margem projetada, base + 2 pp",-883187.671875,-851407.0,-818401.35625,0.0
Goiás e entorno,40,"margem projetada, direita + 2 pp",-1002638.8671114683,-928695.8050157783,-849406.1343532003,0.0
Interior de SP,11,potencial (terreno + 2 pp),13157.412421846937,15547.67711891684,18041.777170879144,1.0
Interior de SP,11,mobilização +2 pp,0.0,0.0,0.0,0.0
Interior de SP,11,"terceira via, base",-27799.76357421875,-21062.8974609375,-14425.720458984375,0.0
Interior de SP,11,"terceira via, direita",-64590.5510938171,-43950.173940293775,-22331.418803115732,0.0
Interior de SP,11,"margem projetada, base",-217697.521875,-203576.8828125,-189326.60546875,0.0
Interior de SP,11,"margem projetada, direita",-251063.35899645856,-225583.65537638153,-200461.48179066143,0.0
Interior de SP,11,"margem projetada, base + 2 pp",-217697.521875,-203576.8828125,-189326.60546875,0.0
Interior de SP,11,"margem projetada, direita + 2 pp",-251063.35899645856,-225583.65537638153,-200461.48179066143,0.0
Metropolitana de SP,14,potencial (terreno + 2 pp),88935.07631544344,109524.58905541911,131008.5296656796,1.0
Metropolitana de SP,14,mobilização +2 pp,0.0,0.0,0.0,0.0
Metropolitana de SP,14,"terceira via, base",-240270.709375,-160524.3046875,-71666.95585937501,0.0015
Metropolitana de SP,14,"terceira via, direita",-597689.9156205532,-388204.54795939254,-163070.07277589865,0.0005
Metropolitana de SP,14,"margem projetada, base",-330227.584375,-102224.74609375,132896.06562499984,0.2255
Metropolitana de SP,14,"margem projetada, direita",-634801.147890272,-329703.50557716575,-6735.866315167217,0.048
Metropolitana de SP,14,"margem projetada, base + 2 pp",-330227.584375,-102224.74609375,132896.06562499984,0.2255
Metropolitana de SP,14,"margem projetada, direita + 2 pp",-634801.147890272,-329703.50557716575,-6735.866315167217,0.048
Minas Gerais,31,potencial (terreno + 2 pp),46503.96786459692,52105.1364084416,57769.2972422815,1.0
Minas Gerais,31,mobilização +2 pp,-393.01465911865233,67.3246955871582,552.2369720458985,0.5845
Minas Gerais,31,"terceira via, base",-44211.1185546875,-28345.5,-12106.677685546874,0.002
Minas Gerais,31,"terceira via, direita",-132374.68658446678,-83037.91282322165,-31043.59534665083,0.0
Minas Gerais,31,"margem projetada, base",-310686.353125,-290257.046875,-268597.528125,0.0
Minas Gerais,31,"margem projetada, direita",-398274.48058887327,-344259.7352315348,-290988.9636598582,0.0
Minas Gerais,31,"margem projetada, base + 2 pp",-310646.234375,-290223.484375,-268682.475,0.0
Minas Gerais,31,"margem projetada, direita + 2 pp",-398201.43510607,-344099.19812291814,-290956.04401400127,0.0
Nordeste urbano,49,potencial (terreno + 2 pp),65761.81249851988,89306.77221152821,114208.54864034924,1.0
Nordeste urbano,49,mobilização +2 pp,-7597.505883789062,15745.982421875,39494.19335937499,0.8705
Nordeste urbano,49,"terceira via, base",-11388.757666015625,3468.0286865234375,19504.76943359375,0.648
Nordeste urbano,49,"terceira via, direita",-115105.26687188116,-59273.15666150563,-497.53430273095586,0.046
Nordeste urbano,49,"margem projetada, base",1190168.4,1243104.5625,1292395.45625,1.0
Nordeste urbano,49,"margem projetada, direita",1108336.915213222,1181743.932276015,1255712.2143533514,1.0
Nordeste urbano,49,"margem projetada, base + 2 pp",1203322.78125,1259304.375,1314580.025,1.0
Nordeste urbano,49,"margem projetada, direita + 2 pp",1120402.742067012,1197331.744670821,1274072.2729112224,1.0
Norte e demais,13,potencial (terreno + 2 pp),19714.684259711343,20530.727310772985,21351.16608601242,1.0
Norte e demais,13,mobilização +2 pp,35.51567611694336,416.9676208496094,796.9156219482422,0.968
Norte e demais,13,"terceira via, base",-507.32048950195315,-49.91714668273926,429.71888885498026,0.44
Norte e demais,13,"terceira via, direita",-3311.7131554100533,-1754.3331310594435,-136.1080649516718,0.031
Norte e demais,13,"margem projetada, base",-71440.8875,-67977.82421875,-64288.195703125,0.0
Norte e demais,13,"margem projetada, direita",-73441.02200761763,-69663.180459164,-65653.84728465475,0.0
Norte e demais,13,"margem projetada, base + 2 pp",-71099.500390625,-67546.296875,-63876.9484375,0.0
Norte e demais,13,"margem projetada, direita + 2 pp",-73010.16262226194,-69232.1241145932,-65189.055427273925,0.0
Sul,42,potencial (terreno + 2 pp),60186.28533825585,66167.95744449514,72331.68858682587,1.0
Sul,42,mobilização +2 pp,-600.2146148681641,108.59188461303711,867.4079040527344,0.5885
Sul,42,"terceira via, base",-65130.1267578125,-50743.845703125,-36200.5078125,0.0
Sul,42,"terceira via, direita",-150750.91153853884,-103159.20073055002,-53585.64171011528,0.0
Sul,42,"margem projetada, base",-656484.540625,-637911.15625,-619645.584375,0.0
Sul,42,"margem projetada, direita",-739911.274747565,-689450.6578939502,-640177.7881597864,0.0
Sul,42,"margem projetada, base + 2 pp",-656258.659375,-637773.40625,-619414.35,0.0
Sul,42,"margem projetada, direita + 2 pp",-739669.4627533382,-689235.2822489763,-639953.0998892754,0.0
