rank,uf,municipio,cd_municipio_ibge,frente,faixa_ei,lula_pct_26,terreno,mob_p05,mob_p50,mob_p95,pot_p05,pot_p50,pot_p95,frac_lula_novos_p05,frac_lula_novos_p50,frac_lula_novos_p95,terc_base_p05,terc_base_p50,terc_base_p95,terc_dir_p05,terc_dir_p50,terc_dir_p95,margem_base_p05,margem_base_p50,margem_base_p95,margem_dir_p05,margem_dir_p50,margem_dir_p95,prob_mob_rende
1,SP,SÃO PAULO,3550308,Metropolitana de SP,45-55%,46.58069350294988,64215.058878085845,-116429.478125,-64166.625,-4253.696960449229,49842.94120213925,63945.521423248036,78660.73104224422,0.18171705901622773,0.324587881565094,0.48837169259786606,-189514.52265625,-127563.28125,-57928.43945312501,-424412.0978873798,-280384.8293753491,-127352.74942686627,-237803.284375,-9244.62646484375,225336.68046874998,-422743.5514949023,-158085.38914582785,114644.52204583997,0.035
2,GO,GOIÂNIA,5208707,Goiás e entorno,<35%,28.21645946441325,14646.402131495906,-17370.2791015625,-14496.44140625,-10334.538427734375,12911.315492025728,14613.861983462706,16390.368701721378,0.07394918985664845,0.14443746954202652,0.2465188443660736,-54446.7666015625,-45052.638671875,-35206.27441406251,-88533.2242062688,-67575.01269057905,-45052.83197413799,-299058.1234375,-274842.046875,-248227.0125,-328533.7711877047,-296780.36685044086,-261850.91265549223,0.0
3,GO,APARECIDA DE GOIÂNIA,5201405,Goiás e entorno,<35%,31.579090092044503,11624.235482382901,-5778.659350585937,-4861.94873046875,-3467.3630004882825,11058.0729800712,11613.617562091786,12193.29552519915,0.07667112424969673,0.14382685720920563,0.24599039852619162,-11823.5333984375,-8296.73583984375,-4844.15107421875,-24963.15970943137,-17003.47322063898,-8344.200359732708,-73787.97421875,-65396.201171875,-56473.2716796875,-85559.41417409547,-73757.2538640335,-61698.748587526854,0.0
4,BA,SALVADOR,2927408,Nordeste urbano,>65%,65.26253374189884,0.0,-8733.772216796875,7281.56640625,23326.90556640625,-8733.772216796875,7281.56640625,23326.90556640625,0.38834228217601774,0.5930918455123901,0.7982249587774277,-19842.07705078125,-10524.84619140625,-657.7799316406255,-58681.41725804918,-35941.44527025946,-10974.23933035095,490003.4125,539567.125,585573.25625,461519.73358720966,515673.46264678496,566037.6543114901,0.773
5,GO,RIO VERDE,5218805,Goiás e entorno,<35%,26.766856908513038,6270.706410045112,-2578.65732421875,-2170.091552734375,-1540.7671264648438,6013.997063341938,6265.892033659977,6528.729559281891,0.07949451617896557,0.14611993730068207,0.2487448140978813,-3595.8814208984377,-2818.8248291015625,-2008.405914306641,-6795.974957076255,-4884.799224907515,-2861.7578535922175,-52783.7568359375,-49282.029296875,-45255.6041015625,-55407.20510014189,-51268.1251297304,-46951.77787896108,0.0
6,CE,JUAZEIRO DO NORTE,2307304,Nordeste urbano,>65%,67.07596665451332,5270.487727240396,-666.4677215576171,762.82763671875,2198.2408081054687,4566.724361312324,6005.842034401783,7517.517618842083,0.41683541536331176,0.5951887667179108,0.7743055492639541,-406.9013076782227,357.1981964111328,1200.6930541992185,-4935.815463385188,-2444.1352701691303,231.56727362739034,60692.168359375,66025.609375,70589.914453125,57492.39993878403,63345.892501057635,68718.12845191137,0.816
7,RS,PELOTAS,4314407,Sul,45-55%,47.09851772100965,5791.889142912215,-3077.1841064453124,-1731.83154296875,-196.58493499755866,5388.5332330424735,5784.324528720248,6197.309371916172,0.18530672192573547,0.3228914141654968,0.4798959210515022,-3472.3278686523436,-1946.2715454101562,-225.45768814086915,-10580.67836430603,-6433.545068651702,-2045.277420915247,-3719.51298828125,2245.560791015625,8171.487890625,-9325.938585952972,-2153.2782402183902,4941.193814971785,0.0315
8,SP,SÃO BERNARDO DO CAMPO,3548708,Metropolitana de SP,45-55%,46.774211074190866,4940.16331249868,-7938.85625,-4423.363525390625,-501.8279571533205,3930.9269347705417,4921.235899662516,5954.564820858386,0.1832803726196289,0.32353048026561737,0.4799796462059021,-10785.767333984375,-6676.862548828125,-2028.1830322265628,-28855.04197082997,-18152.839694647162,-6883.388311737828,-11317.857373046874,3386.8504638671875,19187.119433593747,-26457.16328630186,-7967.970253624477,10744.106084785213,0.033
9,SP,OSASCO,3534401,Metropolitana de SP,35-45%,43.33727715248354,4566.987915416371,-6611.247534179687,-2600.7725830078125,2112.521923828124,3641.9600290019403,4549.6397647972435,5496.749965181044,0.21697990074753762,0.3886638432741165,0.5904347091913222,-10113.88623046875,-6109.06005859375,-1964.5468750000005,-25792.72241142433,-16414.02820519908,-6204.995590683471,-43282.9578125,-31085.4736328125,-19147.96396484375,-57138.94339946457,-41336.940818822244,-25712.081612394035,0.182
10,SP,TABOÃO DA SERRA,3552809,Metropolitana de SP,45-55%,49.6310551011865,4513.550909810793,-2656.2868041992188,-1506.5382690429688,-182.41716766357425,4162.51550731951,4506.967524461546,4866.382862396964,0.18677931427955627,0.32235392928123474,0.47848995476961137,-2632.162561035156,-1261.8649291992188,262.08294372558566,-9267.09282621423,-5416.29225984509,-1374.6647724778722,5594.2076416015625,10717.51123046875,15971.343115234373,-18.904166234817197,6474.0096251378845,13097.433536454326,0.03
11,GO,CATALÃO,5205109,Goiás e entorno,35-45%,36.1566177384143,4385.742919839512,-673.7763854980469,-171.21632385253906,392.82834625244124,4262.171773069036,4383.425442823049,4509.946486456762,0.27657858431339266,0.4432253837585449,0.6302601963281631,-1948.2633117675782,-1301.9954833984375,-646.1373840332031,-4569.032675908423,-3002.9855535187435,-1339.3686004786243,-12327.45732421875,-10634.2412109375,-9017.551806640626,-14604.358248995377,-12295.282467417472,-10098.287495800814,0.309
12,SP,COTIA,3513009,Metropolitana de SP,35-45%,41.79210049796288,4368.889840997015,-2204.58056640625,-865.3160705566406,750.6597717285156,4058.8137960950303,4363.074615305611,4680.552811730235,0.21613720208406448,0.3885815143585205,0.5966552853584289,-4263.100390625,-2805.21240234375,-1281.0972534179691,-9603.817199350742,-6325.988612277766,-2789.840988359328,-18208.84404296875,-13840.8408203125,-9676.4939453125,-22897.418500864947,-17317.86771063466,-12236.777453196884,0.1905
13,MA,BALSAS,2101400,Nordeste urbano,35-45%,38.38000830579781,4121.783983780852,-604.1613311767578,-147.62173461914062,350.09597320556617,4000.313991739724,4119.505912223678,4243.875642252714,0.2879034325480461,0.44817598164081573,0.6229045301675795,-417.7275650024414,-136.89965057373047,157.7638359069823,-1644.3813963657726,-934.1244274356727,-161.5512238659089,-13337.5501953125,-11777.80078125,-10265.581396484375,-14291.581641338538,-12557.082824238716,-10878.105243606547,0.309
14,GO,TRINDADE,5221403,Goiás e entorno,<35%,31.293742637377868,4093.3738139310676,-1559.5136108398438,-1287.6045532226562,-878.7846862792969,3935.1182612212533,4090.4058589050146,4252.439296426367,0.09351252689957619,0.16438566893339157,0.27094461917877194,-3575.9304809570312,-2598.8953857421875,-1620.8325805664065,-7504.7673510190125,-5160.4227653535445,-2640.3224179892445,-20160.90341796875,-17964.7314453125,-15447.90458984375,-23683.421564006378,-20430.454663009063,-16981.687995289936,0.0
15,CE,SOBRAL,2312908,Nordeste urbano,55-65%,59.6611073160166,4065.200669968373,-1710.9866271972655,-1012.5702514648438,-180.38308410644538,3801.924666417951,4060.2631412397004,4329.824083283746,0.22056034579873085,0.334626242518425,0.47053968310356137,1095.5800537109376,1827.8417358398438,2566.952221679687,-2659.7746613229556,-533.0981229084831,1696.46598559201,24918.5890625,29279.244140625,32823.9083984375,22031.388155261215,26877.184079361614,31242.70633099804,0.0255
16,SP,DIADEMA,3513801,Metropolitana de SP,45-55%,52.42585519587586,3865.8836280637615,-4156.725366210938,-2366.7325439453125,-278.163804626465,3340.452383036713,3856.0295895935733,4394.003956717166,0.1860630951821804,0.32125240564346313,0.4789916783571243,-2794.6881103515625,-938.3338012695312,1090.4619140624998,-12007.788121357771,-6641.448978286618,-1162.676831574573,18776.6716796875,26955.65234375,34987.57734375,11305.990420287646,21115.770186772977,30268.172591660223,0.0325
17,MG,UBERLÂNDIA,3170206,Minas Gerais,35-45%,39.978190919713796,3764.168904416245,-6118.997607421875,-2392.6876220703125,2019.7384155273435,2865.100587288397,3747.3076045446523,4667.838527449377,0.21673038825392724,0.38923420011997223,0.5935006856918335,-9018.661669921876,-5659.515869140625,-2167.667858886719,-21754.787825855175,-14058.610545523086,-5690.13048727162,-74269.398828125,-62374.42578125,-50814.9556640625,-85112.59498442829,-70560.34921061869,-56634.27548548745,0.188
18,SP,ITAPEVI,3522505,Metropolitana de SP,45-55%,47.234064021390914,3553.9815079137106,-2113.0900634765626,-1200.1317749023438,-122.33537750244146,3293.137843188805,3549.0895957344646,3816.160134033639,0.1866878278553486,0.32205401360988617,0.4818610787391662,-666.7470123291016,345.0386962890625,1462.0934265136714,-5620.187348344363,-2722.3939117545287,232.0319514572916,-1039.6640747070312,2952.694091796875,7059.334887695312,-4885.368296513279,-253.06759517885905,4878.400208090944,0.0375
19,GO,SENADOR CANEDO,5220454,Goiás e entorno,<35%,34.14769572459745,3553.623848572896,-1548.0741394042968,-1276.7647705078125,-871.3839385986328,3395.620522161489,3550.660623847279,3712.4358139108676,0.09365146346390248,0.16486652195453644,0.27127351313829423,-3160.647839355469,-2287.495849609375,-1416.4973510742188,-6641.497866089096,-4561.388554943742,-2326.382939077427,-17425.64912109375,-15132.955078125,-12610.7828125,-20470.640421532655,-17294.31682908212,-14270.175181050892,0.0
20,GO,ITUMBIARA,5211503,Goiás e entorno,<35%,28.616123399301514,3514.438160568066,-1196.3490112304687,-974.7335815429688,-667.804428100586,3393.860830296085,3512.1768301611323,3635.632588752691,0.10055657848715782,0.17455072700977325,0.2770298838615417,-2569.3671752929686,-2093.1915283203125,-1600.8337280273438,-4665.2256951697045,-3427.5437846980963,-2143.0217184203993,-21673.95791015625,-19909.4833984375,-17998.334765625,-23459.726716136072,-21181.02556479906,-18988.57406121574,0.0
21,MG,CONSELHEIRO LAFAIETE,3118304,Minas Gerais,45-55%,46.310716619472885,3483.7536556385744,-1044.7784912109375,-527.0559997558594,22.572448825836066,3322.6446558485095,3480.7321865180174,3645.687188757204,0.222767473757267,0.3601454198360443,0.5059896141290664,-1295.4094116210938,-674.5843811035156,16.9174922943115,-4483.997501977039,-2664.6339838491785,-754.8787337168766,-2001.59404296875,385.70045471191406,2776.82353515625,-4679.186478514502,-1575.9294673926424,1474.593536207368,0.059
22,GO,ANÁPOLIS,5201108,Goiás e entorno,<35%,21.840062003703515,3428.8893346404166,-4876.05849609375,-4108.921142578125,-2931.682531738282,2956.3027890380818,3420.026355811247,3903.8945120881976,0.07715973444283009,0.14368408173322678,0.24577142596244805,-10003.9162109375,-7667.2060546875,-5237.341845703125,-19403.96175193918,-13761.239183162394,-7648.7160870461685,-108337.2078125,-101907.6015625,-94682.165625,-116872.87481207955,-107718.71353208867,-98391.64436039317,0.0
23,MA,CAXIAS,2103000,Nordeste urbano,>65%,68.02609549102246,2748.857913367478,-171.48399505615234,549.4947814941406,1282.1449462890623,2549.254979178152,3297.1789779506203,4058.706974234164,0.46220156401395796,0.6211194694042206,0.7826099574565887,-26.9606032371521,306.8206329345703,692.3071166992187,-2210.8707869989225,-1028.6779942685848,231.4202859720784,33507.1365234375,36409.154296875,39096.7763671875,31882.991502920773,35183.18366982363,38137.59226817777,0.897
24,SP,EMBU DAS ARTES,3515004,Metropolitana de SP,45-55%,49.07209088853118,3262.7087450933177,-2590.161584472656,-1471.6063232421875,-153.3991584777833,2932.9765950927895,3256.524885032244,3594.1284181219135,0.18625246062874795,0.3217436224222183,0.4814186781644821,-1098.5078430175781,98.51665878295898,1427.100817871093,-7091.593336743755,-3601.3924894678757,-25.196364077464754,2688.4561401367187,7724.891845703125,12782.137304687498,-2235.170140470124,3929.4176434863607,10003.763274590672,0.033
25,SP,BARUERI,3505708,Metropolitana de SP,35-45%,40.83452764566807,3240.913426050829,-3407.2112548828127,-1318.9542236328125,1174.3907104492187,2760.380655412563,3231.901422191386,3723.9054962029336,0.21418315097689627,0.38935838639736176,0.5985147684812546,-6104.067822265625,-4112.19140625,-2014.9197082519534,-13201.276548677755,-8819.934326813007,-4057.9267680532985,-34565.3201171875,-28533.4482421875,-22405.53544921875,-40912.16212925349,-33150.75545442245,-25371.526330086203,0.196
26,PA,TAILÂNDIA,1507953,Norte e demais,35-45%,39.880113677071144,3205.3982459025274,-434.32783203125,-68.73725509643555,314.88903045654297,3113.5593607439373,3203.6758818140243,3297.7071496309686,0.3046946614980698,0.4690907448530197,0.6415969759225845,-92.98188934326171,39.9189510345459,179.41109237670898,-657.1933808773928,-314.6886110628705,32.45410084231906,-9288.083349609375,-8085.833251953125,-6914.8399658203125,-9705.304387337153,-8460.082035315347,-7187.308971661416,0.378
27,BA,FEIRA DE SANTANA,2910800,Nordeste urbano,55-65%,57.13361428810902,3131.771567264479,-4992.85498046875,-2966.9381103515625,-560.6587646484387,2385.9910414038877,3117.7850560668644,3881.368893553151,0.2134699396789074,0.32973329722881317,0.4678248912096023,2549.730603027344,4864.525390625,7275.950268554688,-8834.871254885495,-2291.278032724135,4514.146639842908,54810.053515625,67487.39453125,77124.09375,46349.38350562743,60478.408609628794,72364.4210042571,0.026
28,PA,ITAITUBA,1503606,Norte e demais,<35%,26.525047351577296,3091.4586089780328,-1383.508721923828,-1130.6744995117188,-742.4533721923829,2957.1338488067368,3088.939456630786,3226.4708244855115,0.09474007301032543,0.16880075633525848,0.28251919299364087,-386.11212158203125,-243.9530792236328,-106.04266471862795,-906.5647372465216,-573.5384263681063,-234.3857592660019,-30161.00009765625,-28265.1474609375,-25963.04677734375,-30550.684051877033,-28543.289484301233,-26258.978094443195,0.0
29,SP,MAUÁ,3529401,Metropolitana de SP,45-55%,45.842819742508546,3085.7687635910956,-3894.652783203125,-2220.85595703125,-256.1290298461915,2597.355566081699,3076.608968692797,3576.6815915369166,0.1863269180059433,0.321133553981781,0.47937151342630385,-2705.224816894531,-791.008544921875,1273.8055541992178,-12175.14447223657,-6653.587163424492,-1039.6114930413248,-9176.961376953124,-1117.834228515625,6658.307543945311,-17137.64477193367,-7250.570282343308,2238.506605378111,0.0315
30,PR,GUARAPUAVA,4109401,Sul,35-45%,36.88492869720013,3025.4204648318487,-1408.6700561523437,-521.7627868652344,521.124493408203,2798.719467822745,3021.1688707995163,3253.2816858377264,0.23688603565096855,0.40254420042037964,0.5973365813493728,-1581.5414733886719,-884.1088562011719,-153.79893798828138,-4464.325846204129,-2760.2959917499475,-910.0267814105985,-25966.91328125,-23048.822265625,-20376.378320312502,-28385.286969538905,-24864.701326947557,-21620.12333205638,0.2055
31,GO,GOIANÉSIA,5208608,Goiás e entorno,<35%,29.37385107686721,2997.1262429159115,-928.7659515380859,-748.7680969238281,-501.14042968750005,2900.4840917267697,2995.3137974538786,3094.2629951186746,0.10934857241809368,0.1850580871105194,0.2892135947942734,-2090.7575073242188,-1659.0708618164062,-1213.7539184570312,-4052.293162704843,-2901.9736814004846,-1700.8008332810482,-15836.031396484375,-14505.44287109375,-12942.47529296875,-17542.68830614544,-15690.888863765083,-13710.34287061233,0.0
32,GO,MINEIROS,5213103,Goiás e entorno,<35%,27.338471283783782,2973.374300413842,-796.7523651123047,-638.5208740234375,-424.23962402343756,2890.2756048131287,2971.8158515187256,3056.8982835166335,0.11501365266740322,0.19147022813558578,0.29500974416732784,-1461.7110595703125,-1173.2108154296875,-878.2836090087891,-2774.9664704691645,-2005.9694515956382,-1195.1857724543943,-16220.664697265625,-14995.3837890625,-13671.024609375,-17314.846428313063,-15802.150515543439,-14407.19083425889,0.0
33,RS,PASSO FUNDO,4314100,Sul,<35%,34.78782646233542,2912.7880611382234,-2528.3697143554687,-2117.495361328125,-1510.0861938476564,2658.752313198174,2908.0238259377156,3168.123928507332,0.07866402976214885,0.14713351428508759,0.24835420101881023,-3783.508056640625,-3107.1171875,-2403.3328857421875,-6465.177724927682,-4845.3556133066295,-3131.818139255031,-35230.534765625,-31987.369140625,-27910.8755859375,-37465.16280186959,-33682.80229396086,-29494.108218763995,0.0
34,SP,SANTO ANDRÉ,3547809,Metropolitana de SP,35-45%,41.202440801369015,2846.973863157143,-6577.641284179687,-2534.4384765625,2262.981701660156,1940.838823129551,2829.9800326072336,3757.7463755894823,0.21326908767223357,0.3895193785429001,0.5986473262310028,-12958.60732421875,-8769.0322265625,-4411.016821289063,-27600.07794230515,-18506.834161615625,-8650.417663421682,-59993.9064453125,-47264.68359375,-35129.4423828125,-72187.8947288082,-57210.48420126118,-42215.99521859455,0.197
35,PE,PETROLINA,2611101,Nordeste urbano,55-65%,60.17820955091812,2827.94997119181,-2871.655627441406,-1690.5344848632812,-291.1114166259768,2402.610894461692,2819.973080467016,3255.4658738296166,0.2118200406432152,0.3303493708372116,0.4707860320806503,1260.6988952636718,2580.593017578125,3976.1338256835934,-5155.892649361021,-1478.9639676315255,2401.627911284015,43081.7048828125,50183.125,55691.1373046875,38180.42046185281,46059.7541974421,53180.88592969833,0.026
36,SP,SANTANA DE PARNAÍBA,3547304,Metropolitana de SP,35-45%,35.8450849891102,2754.9197783031263,-1192.5129638671874,-372.1049041748047,564.6227355957031,2574.6613192834943,2751.5391765468203,2936.1007749054565,0.23294374942779542,0.4166692942380905,0.6264439195394516,-3227.4377685546874,-2368.9974365234375,-1465.957849121094,-5891.597212085672,-4179.990531697403,-2295.5590567428367,-20831.9095703125,-18378.5546875,-15859.02001953125,-23166.465850536497,-20139.979320388025,-17229.694322874977,0.265
37,GO,JATAÍ,5211909,Goiás e entorno,<35%,26.195982736328375,2742.490431161143,-1173.4484313964845,-955.8210754394531,-652.5721038818359,2622.051277035247,2740.2316921361876,2863.5459760334925,0.10137227848172188,0.17530163377523422,0.27831720262765886,-2115.6642211914063,-1723.3326416015625,-1316.4669555664063,-3860.7232730894093,-2832.652715204787,-1763.5163839742363,-24981.7091796875,-23361.767578125,-21279.5056640625,-26456.22632114897,-24436.423055753585,-22278.12912544752,0.0
38,GO,FORMOSA,5208004,Goiás e entorno,<35%,31.911920100896477,2704.1774945676566,-1242.5794250488282,-1016.5119934082031,-691.0319488525392,2575.489443847739,2701.764054151904,2833.524152733123,0.10025625862181187,0.17298322916030884,0.277691712975502,-2800.1560668945312,-2193.76708984375,-1571.5441101074218,-5485.4470823202,-3899.930104954192,-2250.8230067644686,-17935.6322265625,-16140.78955078125,-14197.111572265625,-20265.361872307625,-17785.31081217069,-15260.520592987807,0.0
39,CE,MORADA NOVA,2308708,Nordeste urbano,55-65%,62.15715179129813,2685.3767422100805,-475.6758605957031,-225.72931671142578,68.76519165039053,2587.179561059449,2683.5351334175302,2784.076482800192,0.29105131030082704,0.4008445739746094,0.5302062928676605,338.15067596435546,541.0310974121094,741.1271575927734,-761.075340750138,-143.00603678907254,497.9667583327339,10821.305908203125,12441.33984375,13592.03408203125,10060.521924564671,11748.798228293552,13142.370271211437,0.091
40,RS,SANTA CRUZ DO SUL,4316808,Sul,<35%,30.583859166687127,2678.3978463094995,-1731.4404235839843,-1428.7965087890625,-1000.8886871337891,2499.7382826945586,2675.0472305446565,2857.9717645840765,0.0889462798833847,0.160795658826828,0.26238338500261305,-3034.6704711914062,-2510.1016845703125,-1960.0313232421877,-5235.995119047148,-3930.1990477618265,-2552.6165148225064,-30724.82705078125,-28447.48046875,-25632.4271484375,-32652.28620134573,-29754.672036687545,-26779.83061672537,0.0
41,GO,LUZIÂNIA,5212501,Goiás e entorno,<35%,31.215044334015396,2546.018805915465,-2284.7732543945312,-1912.4020385742188,-1319.0418945312504,2320.923284127532,2541.797321273737,2772.266335102528,0.08234804645180702,0.1504167690873146,0.25888180583715437,-3037.744836425781,-1928.2635498046875,-811.6701721191408,-7175.833624255635,-4560.201362973194,-1863.596459211283,-29215.104296875,-25986.0966796875,-22360.2765625,-32725.34476848924,-28538.40400456863,-24295.40880026377,0.0
42,CE,BOA VIAGEM,2302404,Nordeste urbano,>65%,73.94888705688376,2227.887268836066,106.56686859130859,317.8240203857422,532.1384735107422,2320.543363207184,2546.2725434937583,2777.3168202341512,0.5625465959310532,0.6865383386611938,0.8123245030641556,6.089996552467347,121.01920700073242,247.4852294921875,-792.2461128934751,-367.63943641239007,89.06861211796034,16510.21181640625,17694.744140625,18724.36064453125,16033.794444216295,17223.78005718989,18303.926801056423,0.991
43,GO,QUIRINÓPOLIS,5218508,Goiás e entorno,<35%,31.01500171775394,2535.5255803500095,-523.9571502685546,-409.72938537597656,-267.4339569091797,2478.0684295726687,2534.448017910573,2593.2767887891937,0.1288834720849991,0.20979049801826477,0.31057771444320675,-1115.2691223144532,-921.1778869628906,-722.0227813720703,-1996.2294654722273,-1476.8337817774982,-945.7587866085764,-9454.217822265626,-8652.20068359375,-7768.457543945313,-10142.09300178591,-9168.207796548528,-8199.713118471986,0.0
44,MG,UNAÍ,3170404,Minas Gerais,<35%,28.683175771772778,2524.1108262013086,-1010.95947265625,-818.71240234375,-552.606024169922,2419.2460976840653,2522.1441729450453,2629.5122377329453,0.10615242160856724,0.18104765564203262,0.2847168430685997,-1299.9197875976563,-1055.1243286132812,-810.3315338134765,-2382.6895848882264,-1745.995537692068,-1080.5617522185441,-20595.3146484375,-19178.7744140625,-17484.4876953125,-21450.278058216296,-19818.103240149198,-18094.50996664016,0.0
45,GO,INHUMAS,5210000,Goiás e entorno,<35%,30.64874037331941,2514.437137171231,-614.2821411132812,-486.6067657470703,-314.49087982177736,2447.226505098061,2513.176656070567,2581.991743859415,0.12409913055598736,0.20222818851470947,0.30755194723606105,-1825.7587036132813,-1461.439697265625,-1080.1020751953124,-3485.2908777040925,-2519.4327668164956,-1491.574426857777,-9485.976220703125,-8535.6494140625,-7430.1885986328125,-10913.316038031875,-9561.107184850047,-8135.335895866265,0.0
46,MG,ITABIRITO,3131901,Minas Gerais,35-45%,41.03996562097121,2511.0579904279407,-321.872053527832,-33.96514892578125,277.0556259155273,2439.605569997197,2509.71795801385,2582.8760943532666,0.32122987508773804,0.4811355024576187,0.6538787841796875,-927.4201751708985,-596.9149475097656,-241.7749435424805,-2399.3991267050083,-1537.5716087133246,-619.3033968932157,-4372.782763671875,-3356.6729736328125,-2412.4922607421877,-5569.178270714073,-4287.453331667686,-3006.9821327062036,0.428
47,SP,CARAPICUÍBA,3510609,Metropolitana de SP,45-55%,46.299699298362846,2444.5162567090047,-3643.8084228515627,-2067.849365234375,-235.05925598144532,1998.1327336030204,2436.1446943956175,2893.184308255998,0.18641384616494178,0.3220408707857132,0.4797707870602608,-2161.222131347656,-529.8200073242188,1251.5951354980464,-10309.578142054163,-5560.680415661123,-734.6778856331326,-8037.44892578125,-679.6144714355469,6121.102124023438,-14722.138013570806,-5870.113098700969,2415.6914772111586,0.032
48,BA,BARREIRAS,2903201,Nordeste urbano,45-55%,50.65189504373178,2429.799398583395,-1247.6283874511719,-658.8096313476562,19.171178150177,2241.7263108574357,2426.272239779652,2618.835018068835,0.21444138512015343,0.3492109030485153,0.504387903213501,-486.1987060546875,-117.53144073486328,285.9751892089844,-2387.6732365989174,-1291.4012331670654,-166.4007317358389,348.71804962158205,3059.1751708984375,5771.84384765625,-1063.9887332428054,1901.8325102702283,4781.172386753568,0.0545
49,MG,UBERABA,3170107,Minas Gerais,35-45%,38.64961148980336,2407.745389253876,-2681.755517578125,-1055.4371948242188,855.4592895507808,2016.8055930822886,2400.4136292425273,2800.685960626264,0.2169209010899067,0.3885907977819443,0.5903000622987746,-3873.749853515625,-2334.920654296875,-732.9724121093752,-9944.940013826392,-6318.728409616209,-2375.1215501704332,-35771.1087890625,-30579.2099609375,-25616.458203125,-41335.17325054976,-34518.87792602123,-28202.42806313503,0.1825
50,MG,PARACATU,3147006,Minas Gerais,<35%,32.24230094143928,2393.0326085981956,-1079.9403381347656,-876.7789306640625,-591.9513458251953,2283.070715580951,2390.9703621400677,2503.557271204866,0.10457969978451728,0.17896725982427597,0.2832569137215614,-1162.3836730957032,-919.3572082519531,-668.317498779297,-2255.9796850943844,-1611.8980211572966,-940.6482078049058,-18242.13671875,-16746.326171875,-14971.954296875,-19043.053428743788,-17398.8180843121,-15543.18236960344,0.0
51,GO,MORRINHOS,5213806,Goiás e entorno,<35%,27.907643768822602,2382.4599930095014,-554.080844116211,-435.12615966796875,-281.2247543334961,2321.285245920843,2381.3127100549355,2443.9478238979896,0.12743352651596068,0.20741920173168182,0.3109032034873962,-1476.1486572265626,-1207.03564453125,-934.7656707763672,-2700.481326412775,-1982.2908783558307,-1240.4499711799804,-10938.16171875,-10083.15283203125,-9168.1,-12019.078656062224,-10839.15694331002,-9687.15586105243,0.0
52,SP,ITAPECERICA DA SERRA,3522208,Interior de SP,45-55%,49.03504233043057,2306.3016912085154,-1465.5530700683594,-793.3484191894531,-14.931587982177927,2107.0802010929233,2302.5654531254795,2506.5427690478273,0.20471847355365752,0.34015512466430664,0.49699155688285823,-726.0841033935546,-21.75272560119629,750.6182373046875,-4312.401786395234,-2230.9128211525285,-104.32831944963006,1451.6237182617188,4436.87158203125,7397.7115234375,-1401.8573938905827,2226.7013613130625,5745.205492997345,0.047
53,RS,RIO GRANDE,4315602,Sul,55-65%,56.16939700243987,2293.670536006232,-1742.6534423828125,-988.6997375488281,-74.07908325195315,2067.140614225614,2289.4221503515873,2521.3598062445317,0.209948368370533,0.3354383260011673,0.4876700833439827,208.5459831237793,1215.6903686523438,2265.9996093749996,-3910.2185948979004,-1483.4402718837396,1149.7179485227796,16368.29931640625,20547.689453125,24117.51875,12976.287312110582,17919.828302221995,22493.294321573358,0.038
54,MA,TIMON,2112209,Nordeste urbano,>65%,66.3932071059854,1684.0432048397226,-271.8070571899414,574.0259399414062,1405.7162536621092,1404.0974084315615,2251.094120173685,3126.546275477635,0.4455370783805847,0.6150195896625519,0.7816682785749435,-136.63507690429688,230.99651336669922,644.3636657714843,-2439.2281409965444,-1184.4130214011698,153.84555089351437,35163.6830078125,38470.603515625,41487.047265625,33581.30099855582,37103.40249672864,40329.83428955381,0.8745
55,SP,ITAQUAQUECETUBA,3523107,Metropolitana de SP,45-55%,46.04552947727661,2257.7920518654537,-3233.5895385742188,-1838.246826171875,-177.0269630432131,1859.9829272885281,2250.3314631500425,2657.637107905228,0.1866907447576523,0.32188843190670013,0.4828475028276443,-802.8898773193359,590.9062194824219,2134.9944213867184,-7538.887220855231,-3603.3691806854476,440.6314895138575,-8049.7545166015625,-1621.3684692382812,4775.038037109374,-13375.880645149206,-5774.5889626084445,1534.506336283128,0.0375
56,PR,ARAUCÁRIA,4101804,Sul,35-45%,36.37317674248588,2251.989213479187,-1118.8248657226563,-380.4879608154297,474.0297470092773,2065.9843814001733,2248.5008431390233,2438.9459922745423,0.25040938407182695,0.4151196777820587,0.6057479113340378,-1679.8192199707032,-912.4011535644531,-110.44302024841325,-4936.802475108011,-3041.2214053597904,-953.5774981718757,-20108.505859375,-17497.978515625,-15105.767626953126,-22769.904110479667,-19568.736641331525,-16443.410993028563,0.234
57,MG,ITUIUTABA,3134202,Minas Gerais,45-55%,45.757038430918435,2236.9731945190515,-818.8491485595703,-391.29212951660156,55.39877510070791,2115.75542877633,2234.699853262314,2358.8113358335854,0.23582443669438363,0.3737620711326599,0.5178726226091385,-807.9262969970703,-454.24481201171875,-66.09777832031253,-2601.46458294551,-1574.1408504510537,-510.75235902922816,-3706.5517456054686,-1899.9576416015625,89.57099189758287,-5119.428262562249,-3027.4829812442267,-891.7448938715628,0.074
58,GO,ÁGUAS LINDAS DE GOIÁS,5200258,Goiás e entorno,35-45%,39.052704899001625,2165.064461007021,-1282.7159729003906,-456.2086181640625,492.3400909423828,1957.2431507517958,2161.166940245623,2373.949371662687,0.24388708621263505,0.4089113026857376,0.5983028709888458,-1035.5557922363282,117.49858856201172,1326.5039611816405,-5788.046094622049,-3004.26281337819,39.91886095935515,-13742.140673828126,-10876.05419921875,-8153.814379882812,-17923.50166749052,-13985.175580770254,-9959.059437315473,0.2085
59,CE,TIANGUÁ,2313401,Nordeste urbano,45-55%,53.91669126017117,2151.925719316832,-597.061898803711,-261.1977844238281,121.00686454772949,2047.881274587455,2149.974449820249,2256.5026489628995,0.24950413182377815,0.39041510224342346,0.5507681429386139,-45.414675331115724,91.50384902954102,232.95250396728514,-678.4160008588602,-307.2226197360908,75.27614365851461,2973.294970703125,4456.951904296875,5905.784130859375,2569.6353562723534,4063.2237976933143,5536.552092554497,0.124
60,SP,CAJAMAR,3509205,Interior de SP,35-45%,39.13168377508809,2089.6082832210145,-603.4192077636719,-144.28570556640625,366.8269454956054,1975.0843841108256,2087.460480024557,2204.718299629781,0.2845577746629715,0.4484848529100418,0.6309703230857849,-1219.2345764160157,-771.0269775390625,-296.8726226806641,-3171.1519563338015,-2025.006479867211,-800.2856346065697,-9791.13076171875,-8255.93505859375,-6785.769921875,-11468.932185450685,-9506.82098148641,-7600.108046563263,0.324
61,MA,SANTA LUZIA,2110005,Nordeste urbano,>65%,66.3928128139961,1736.6244119631253,103.79440193176269,330.32041931152344,559.3380004882813,1827.634028279928,2067.2644301945147,2312.8139008160883,0.5575076252222061,0.6830151379108429,0.8099031865596771,7.249241948127747,83.87458419799805,169.23358306884765,-526.4624959715158,-242.24089904178433,63.2111816561683,11281.328564453124,12408.00830078125,13483.227880859375,10905.910208344549,12082.18695464096,13223.854031613224,0.9895
62,AM,HUMAITÁ,1301704,Norte e demais,35-45%,39.52457245053839,2052.2667259497084,-217.60018997192384,5.2972092628479,230.0409164428711,1826.1180848746003,2055.9986041550574,2287.792725301598,0.3441571846604347,0.5037938058376312,0.664752721786499,-100.69023323059082,-0.9952767491340637,102.85089416503902,-532.8459472616244,-274.76157881086647,-10.5879685667984,-6033.542529296875,-5286.026611328125,-4550.749169921875,-6345.379643428104,-5543.062718490928,-4768.481075773338,0.515
63,RS,CANGUÇU,4304507,Sul,<35%,29.35210228669781,1987.0379552953914,-659.7069396972656,-523.5530090332031,-339.6869857788086,1915.6776522953703,1985.6996504692856,2058.7634703458666,0.12128468193113803,0.19944602996110916,0.30499724894762037,-908.0364044189453,-725.2650451660156,-534.9144653320312,-1740.9739589270387,-1256.1212335868158,-740.1987402172317,-13327.02158203125,-12346.7080078125,-11206.27490234375,-13956.592202927886,-12846.602253010604,-11595.059872564538,0.0
64,RS,CAXIAS DO SUL,4305108,Sul,<35%,26.867993147185235,1922.4813621485982,-5819.48505859375,-4889.020751953125,-3494.913952636719,1338.7024978472205,1911.5330612217804,2509.247925031404,0.0758368145674467,0.14365530759096146,0.2452671870589256,-10353.751220703125,-8456.70703125,-6467.717382812501,-17785.72334581793,-13281.38235602749,-8546.697594888637,-119154.78125,-111141.60546875,-101681.48046875,-125077.58843730783,-115505.63898077162,-105835.00872144339,0.0
65,MG,MARIANA,3140001,Minas Gerais,55-65%,58.20947954385775,1915.4187477654011,-454.8546173095703,-195.0289306640625,98.48174667358394,1834.2545182098695,1913.8965782179807,1996.9983644963422,0.28308856040239333,0.40699443221092224,0.5469640642404556,6.30450179576874,395.7855224609375,791.8291412353515,-1568.797602591728,-637.9843759263415,361.38254477000527,7430.46064453125,9058.20849609375,10305.489990234375,6242.088325776808,8011.846623913174,9641.36112966237,0.1245
66,MG,BARBACENA,3105608,Minas Gerais,45-55%,48.096777273161216,1873.6789004877037,-1116.3561279296875,-570.52978515625,12.331500482559164,1712.861605894928,1870.6629020624346,2035.3192355026415,0.21911610588431357,0.35645027458667755,0.5031027257442474,-990.5162322998046,-482.17657470703125,80.76445236206048,-3593.0726011279635,-2099.9809985504526,-550.7000106187953,-970.7029815673828,1491.7484130859375,4032.122766113281,-3120.8036646199557,-155.5219210344509,2649.8928753804103,0.056
67,GO,ITABERAÍ,5210406,Goiás e entorno,<35%,33.03881866895733,1861.4297682800127,-489.34418029785155,-382.7196350097656,-239.38775024414068,1807.8108437827937,1860.4241886733057,1915.32310693378,0.13185059279203415,0.21206767857074738,0.3199008733034133,-1045.415869140625,-829.0045166015625,-604.0265533447266,-2009.4033164373584,-1445.2711618696121,-842.5271067918474,-7382.6153564453125,-6627.32666015625,-5774.037939453126,-8194.376603809938,-7209.477389217465,-6180.648899966504,0.0
68,GO,HIDROLÂNDIA,5209705,Goiás e entorno,<35%,27.620461292532543,1817.1036849906852,-333.7144775390625,-255.09681701660156,-157.65965270996097,1778.6863298349078,1816.3831985346342,1855.7176547971803,0.14609899297356604,0.22947227954864502,0.3328034713864326,-1717.6449951171876,-1419.9415283203125,-1116.9860900878907,-3065.1656799681627,-2274.6294770733966,-1454.2942733202585,-5556.274072265625,-4954.529052734375,-4348.607348632812,-6786.1943491089805,-5798.093047096786,-4786.292670421149,0.0
69,PR,FRANCISCO BELTRÃO,4108403,Sul,35-45%,36.64057150260026,1812.6764734760811,-582.38173828125,-127.15990447998047,377.35036926269527,1694.1673988510458,1810.4539315327268,1931.792060970621,0.28206234276294706,0.45241448283195496,0.6412112295627593,-1179.5585021972656,-838.9503784179688,-478.12144775390624,-2482.8714545117837,-1685.9143065318954,-836.1991150749874,-14180.9501953125,-12724.263671875,-11390.323925781251,-15306.389656811885,-13579.261564693368,-11936.637952812822,0.34
70,RS,CANOAS,4304606,Sul,35-45%,38.148703132748324,1808.3954891220544,-2867.653942871094,-1123.3638916015625,944.750323486328,1401.490864897321,1800.7643216595984,2217.382594304757,0.21679394766688348,0.3890579342842102,0.5933024108409881,-4473.989428710937,-2800.0609130859375,-1057.9599609375,-10857.713113757809,-7002.878841469137,-2823.459340511256,-38484.8513671875,-33304.15234375,-28262.74169921875,-44481.54301769003,-37524.9440259627,-30987.959239594784,0.187
71,BA,LUÍS EDUARDO MAGALHÃES,2919553,Nordeste urbano,<35%,32.50511593432268,1803.9769979366747,-1305.3276977539062,-1067.454833984375,-727.3046203613281,1667.8603344106016,1801.424239889805,1940.7902875096881,0.09773193635046482,0.17103815078735352,0.2758636400103569,-1063.8425537109374,-843.8047790527344,-618.9927703857422,-2039.394083898908,-1463.8434014623488,-863.876061135105,-23055.6419921875,-21265.6708984375,-19100.668359375002,-23824.13651197512,-21858.400703235748,-19714.940824298934,0.0
72,MG,ITAMARANDIBA,3132503,Minas Gerais,45-55%,47.04126239471159,1793.5156076364203,-198.09503707885742,-55.72494697570801,95.92714538574218,1752.3742084578369,1792.744033935655,1834.8675627420514,0.3125803768634796,0.44727809727191925,0.5907575666904449,-187.2265151977539,-36.586971282958984,118.09723129272459,-967.1372555591337,-524.4051234866818,-61.72799750302516,-298.68909912109376,351.5769805908203,984.7388854980469,-899.6572255919508,-140.15854261859923,650.9681376618954,0.264
73,PR,SARANDI,4126256,Sul,<35%,34.05826285407437,1773.123245741388,-1144.6210876464843,-932.74169921875,-626.6071472167969,1658.7594554988839,1770.9784452573813,1888.072333867677,0.10273317582905292,0.1762707307934761,0.28252170532941817,-1453.1752380371095,-1119.0991821289062,-777.3775268554688,-2901.2932888823425,-2042.399435265894,-1144.4545522255746,-16293.39833984375,-14696.32373046875,-12682.447802734376,-17470.996710177144,-15548.92250006564,-13522.030931207128,0.0
74,GO,SANTA HELENA DE GOIÁS,5219308,Goiás e entorno,<35%,32.774063879057984,1738.060146945136,-440.2877487182617,-341.9365692138672,-213.766032409668,1687.8627270176255,1737.1187348921767,1788.5144702473317,0.13529393970966339,0.2167617306113243,0.32292997986078265,-893.9664886474609,-724.8484191894531,-552.5888519287109,-1651.3004600575061,-1208.9092861571892,-741.1744909439899,-7437.9638671875,-6773.88525390625,-5997.640722656251,-8053.392285885677,-7229.9618383838715,-6382.555546934766,0.0
75,PR,SÃO MATEUS DO SUL,4125605,Sul,<35%,33.77221355454926,1717.4092556583073,-501.56640777587893,-393.3726806640625,-250.87648849487312,1659.7722565638412,1716.3283203089948,1775.3412328531515,0.1314396508038044,0.21094241738319397,0.3156512886285781,-867.1661682128906,-703.9086303710938,-537.4248565673828,-1601.4779117557887,-1173.6536146165845,-721.0251993454248,-8319.862255859374,-7580.88916015625,-6644.001879882812,-8901.125443535635,-8020.589926730588,-7048.004121184806,0.0
76,GO,GOIANIRA,5208806,Goiás e entorno,<35%,33.81535686228869,1675.6419251439993,-732.5879730224609,-583.31591796875,-366.46260528564454,1600.2613542745707,1674.22822344224,1751.4082832325716,0.11499475091695785,0.1934433951973915,0.30740875452756883,-1125.6744445800782,-791.7133483886719,-463.14683380126957,-2444.1810453582043,-1638.8918947200475,-791.8939988557219,-8503.04912109375,-7423.970947265625,-6156.217529296875,-9569.575224086697,-8223.692098201045,-6749.922724118487,0.0
77,SP,HORTOLÂNDIA,3519071,Interior de SP,35-45%,38.054848966613676,1659.0042425640684,-1815.2912475585938,-736.2970581054688,570.9119720458984,1383.0906048273257,1653.829705217003,1936.329967710055,0.22408799827098846,0.38808782398700714,0.5867747813463211,-2027.8447570800781,-1010.5936279296875,44.99052925109861,-6120.746293652304,-3683.390198672144,-1048.754102823495,-26983.499609375,-23640.83984375,-20163.0693359375,-30649.38477973457,-26294.70181586672,-21884.364032750294,0.177
78,MG,ARAXÁ,3104007,Minas Gerais,35-45%,35.65022795971877,1657.8117994932086,-747.7905364990235,-207.9033203125,409.92461090087886,1526.480855820407,1655.3487937554905,1789.8148765680614,0.2715665563941002,0.43649014830589294,0.6252228617668152,-1570.6769226074218,-1026.2327270507812,-460.65862426757815,-3848.04337679949,-2501.7749650693886,-1053.7656721704586,-15005.04794921875,-13220.01123046875,-11507.417822265625,-16938.752942825853,-14664.848157219369,-12438.652384654408,0.294
79,GO,GOIATUBA,5209101,Goiás e entorno,<35%,23.900528501321254,1653.134811786446,-401.957453918457,-311.1826171875,-197.41493835449228,1606.6549881702535,1652.2631202486164,1699.8525126393376,0.13931888341903687,0.22077221423387527,0.3228572905063628,-1056.9547241210937,-876.6119995117188,-689.4515563964844,-1877.418901143124,-1393.8265373618374,-897.6831323032225,-10184.368994140625,-9605.896484375,-8837.721142578124,-10905.261240566217,-10096.798523018342,-9227.495564031185,0.0
80,MG,JUIZ DE FORA,3136702,Minas Gerais,45-55%,49.57702247374792,1634.0100974137104,-4977.051000976562,-2795.6221923828125,-306.34697265625016,963.5487308020656,1621.4361361925307,2307.902791530377,0.18536078333854675,0.3232663571834564,0.48063335120677947,-4819.5032958984375,-2745.4559326171875,-377.7767471313479,-14488.710642497319,-8843.674371257726,-2879.3020681252824,3135.9751708984377,12840.7900390625,22563.3708984375,-4455.67657509183,6731.943303619151,18021.846358327468,0.031
81,GO,POSSE,5218300,Goiás e entorno,35-45%,36.955961885140354,1596.5248533937925,-124.11654243469238,23.561931610107422,181.1043762207031,1462.1160330193445,1620.1542336546722,1781.1603294090435,0.377543967962265,0.523246705532074,0.6786814779043198,-492.25272064208986,-293.3114318847656,-75.7940757751465,-1408.2558678019686,-877.3442338889319,-311.79646830551457,-3984.281457519531,-3442.5303955078125,-2918.080114746094,-4778.5110473834175,-4014.5476263696887,-3282.349712934508,0.5935
82,MA,BURITICUPU,2102325,Nordeste urbano,55-65%,56.6298514913266,1605.3176693194475,-324.8678924560547,-137.63941192626953,86.99607276916502,1535.0189100449002,1603.9992728882225,1675.9762078121278,0.30993876457214353,0.4194751977920532,0.5508963227272033,131.00620040893554,199.14373016357422,270.7392074584961,-226.19418405595547,-25.86508898691791,187.32138321178917,3653.0227905273437,4911.57373046875,5854.86796875,3414.407911204498,4691.696999960668,5679.49887678285,0.15
83,BA,LAURO DE FREITAS,2919207,Nordeste urbano,55-65%,59.05651682098119,1581.018366301037,-1958.0380920410157,-1117.6880493164062,-80.46975822448749,1319.262300357543,1576.1093427741253,1844.1140631813848,0.20128361582756044,0.32948659360408783,0.48772362172603606,-41.38045425415038,976.8905944824219,2070.459973144531,-3998.2353685603684,-1630.4618053499464,958.5636490319474,23895.4875,28671.08203125,32453.194433593748,20986.186744203478,26070.71450448731,30675.158522980655,0.039
84,GO,NIQUELÂNDIA,5214606,Goiás e entorno,<35%,32.789918487773164,1569.2197403638474,-409.3658981323242,-316.0502471923828,-193.33814773559573,1525.360876978938,1568.3972028175099,1613.3030672775542,0.13780621513724328,0.2203689068555832,0.3289406210184097,-1166.069561767578,-924.4761962890625,-675.4925048828125,-2240.2842354178047,-1610.3522129737023,-936.2419359714816,-5397.02490234375,-4713.63623046875,-4016.1150390625003,-6288.301328422591,-5385.492505329907,-4425.229079248382,0.0
85,RS,SANTIAGO,4317400,Sul,<35%,33.382437482035066,1566.3662348279836,-601.0182983398438,-471.33935546875,-312.58211212158204,1505.3230840689293,1565.2214198562544,1627.7217958952579,0.12327105402946473,0.20455610752105713,0.30406797528266905,-863.0223541259766,-730.3235473632812,-592.9152496337891,-1443.759826723328,-1097.2626278931414,-742.6036890680018,-9849.949951171875,-8936.6142578125,-7913.712475585939,-10283.28371255101,-9261.160262379864,-8216.617290818722,0.0
86,MG,NOVA LIMA,3144805,Minas Gerais,35-45%,42.577249406412406,1547.1210074327967,-739.9144683837891,-174.18919372558594,447.807942199707,1415.0268050482912,1544.6436873946272,1679.8912494706929,0.260101380944252,0.4435235410928726,0.6451904088258743,-2365.6274658203124,-1771.9874877929688,-1121.6678100585937,-4229.9385511984665,-3036.8070955476423,-1709.0758381388164,-7465.66669921875,-5810.080810546875,-4200.70185546875,-9195.959989311134,-7056.099326650488,-5076.864832674796,0.3205
87,SC,CHAPECÓ,4204202,Sul,<35%,29.99632735508355,1533.4084316519602,-2789.604736328125,-2340.0714111328125,-1671.3399902343751,1246.7565334195172,1528.0325069054416,1821.5273742090337,0.07560157664120197,0.1439916417002678,0.24572955667972562,-4043.850341796875,-3314.293701171875,-2548.834887695313,-6885.513670374149,-5158.97919087396,-3344.0350310749373,-51964.418359375,-48452.171875,-44098.4625,-54332.68709542445,-50175.940738869795,-45503.1378174852,0.0
88,CE,CRATO,2304202,Nordeste urbano,>65%,76.98211652614465,1029.8534091114063,-116.20093116760252,503.4904327392578,1135.5849487304686,889.0794329574622,1527.842414615076,2198.700733913857,0.469717900454998,0.6312102377414703,0.7959348589181899,-213.92736358642577,17.55986499786377,270.3812454223633,-1636.0638138286706,-862.1346318716389,-22.479271338661594,43417.43203125,46060.6328125,48277.9423828125,42387.84402873157,45205.1309273035,47523.82749713627,0.912
89,MA,GRAJAÚ,2104800,Nordeste urbano,55-65%,55.94960108970617,1522.86360000799,-422.87536163330077,-195.04547882080078,74.27949066162108,1432.6937949632131,1521.1725381684628,1613.4948815040298,0.2977563008666039,0.40671786665916443,0.5355248004198074,231.0078239440918,367.67181396484375,501.4464996337891,-510.8775014769916,-93.39321483092388,338.91573837447544,4306.726782226562,5798.50927734375,6912.924609375,3787.998177220498,5342.144916823274,6545.18464178502,0.103
90,CE,GUARACIABA DO NORTE,2305001,Nordeste urbano,55-65%,64.54198620370727,1510.878085958116,-242.25980606079102,-90.5578727722168,85.98498840332032,1453.9648666764724,1509.8107245144035,1568.082579136281,0.3253857627511024,0.43472835421562195,0.561975622177124,138.56269760131835,215.1626739501953,292.16962280273435,-275.72675344645654,-43.61819930010297,199.86386367989616,7021.05029296875,8069.2646484375,8836.9068359375,6718.516045916628,7808.858575797752,8631.431136323918,0.192
91,MG,CAPELINHA,3112307,Minas Gerais,35-45%,44.386518498193624,1499.2329678939916,-176.96444931030274,11.197796821594238,208.58735046386715,1313.3575417032641,1510.968772094906,1711.644137620724,0.3576174437999725,0.5090095400810242,0.667825835943222,-255.16284255981446,-129.78868103027344,4.04677619934075,-827.0205587092917,-496.3577314043134,-142.60442676757813,-2667.432421875,-1977.1680908203125,-1346.372314453125,-3130.7978895402894,-2326.306004855775,-1560.233351120172,0.5345
92,AM,EIRUNEPÉ,1301407,Norte e demais,55-65%,57.99089813947263,1509.034656301749,-138.57551345825195,-31.28290367126465,84.26017684936524,1476.2627836859908,1508.4200463093812,1541.9742507781507,0.34830600023269653,0.4657556414604187,0.5922368347644806,47.49366760253906,73.73553848266602,102.58031311035155,-81.74283448456391,-8.701235452908179,68.6486345675161,2306.6707275390627,2972.6893310546875,3480.4106201171876,2219.530793649867,2894.092661306987,3409.9457973826215,0.339
93,CE,BARBALHA,2301901,Nordeste urbano,>65%,67.55457074159634,1121.4688560215257,54.38727340698242,364.80433654785156,670.5288635253905,1161.3142511079666,1481.940407239581,1810.7798773622596,0.525455042719841,0.6707405745983124,0.8138298898935318,-135.88011474609374,-9.508174896240234,129.96499633789062,-978.6608168594564,-527.0568099264624,-45.74172781226728,15506.15322265625,16811.8564453125,18083.3021484375,14941.680057062133,16304.97222453145,17616.902081816697,0.974
94,CE,SÃO BENEDITO,2312304,Nordeste urbano,55-65%,63.34561585518549,1466.432545010542,-269.10145874023436,-106.56758117675781,84.80558280944821,1405.1240083201194,1465.282752940093,1528.054850217265,0.3208283632993698,0.42904576659202576,0.5564647793769836,147.58300094604493,228.1854019165039,308.92195587158204,-288.69180100916554,-44.10601695054679,212.42349965747457,6954.158740234375,8021.041259765625,8854.13251953125,6634.708278690769,7752.406998443577,8658.149641424785,0.1745
95,RS,CAMAQUÃ,4303509,Sul,<35%,30.808026612297457,1457.1077003641665,-763.8393188476563,-609.83154296875,-404.50721130371096,1375.351287325416,1455.574424893982,1539.2825312905718,0.11616884469985962,0.19355814903974533,0.29673414677381516,-1015.0501983642578,-820.80224609375,-622.0241241455078,-1911.8695684960478,-1389.5788964028222,-838.9723874480254,-14374.11181640625,-13240.041015625,-11915.86611328125,-15072.778208460768,-13800.340520403606,-12385.02954854526,0.0
96,PR,SÃO JOÃO DO TRIUNFO,4125100,Sul,35-45%,37.80636575357658,1409.8698024934579,-24.762527847290038,37.11456489562988,101.5802635192871,1378.4837417924518,1446.7852839454658,1514.4622783188713,0.44673807770013807,0.5798300206661224,0.7184897899627686,-226.94405136108398,-155.3270492553711,-76.59011497497559,-538.4164448406359,-354.7818617446376,-158.84207550990712,-1989.8774780273438,-1744.8915405273438,-1514.2207885742187,-2254.4873216428114,-1949.894803859786,-1634.5439769143857,0.8295
97,CE,ACARAÚ,2300200,Nordeste urbano,55-65%,63.32792682602569,1436.417510821145,-390.4360107421875,-178.43103790283203,81.64826965332031,1353.9307381530916,1434.8705380462184,1519.3264392552899,0.30159561336040497,0.40932829678058624,0.541490450501442,156.33784561157228,237.64743041992188,321.6789825439453,-275.0697870501291,-33.42620312734647,221.62175826716944,9007.18037109375,10395.81396484375,11438.301123046875,8731.73283961792,10121.50882188213,11241.720692649336,0.1195
98,MG,OURO PRETO,3146107,Minas Gerais,55-65%,60.92620004229224,1430.285442833652,-598.0158294677734,-275.8592071533203,94.53745079040523,1326.5656023839654,1428.340261028066,1534.5361069207243,0.2674971729516983,0.3927485942840576,0.5367552399635315,0.2246608879417184,445.7010192871094,899.0468078613279,-1784.1343443199792,-730.7683468316106,409.86944459304186,11695.8572265625,13509.5263671875,14983.151904296876,10268.025562433837,12380.76889605424,14323.6024348709,0.096
99,SP,RIBEIRÃO PRETO,3543402,Interior de SP,<35%,33.98752498953586,1419.073192650637,-8040.1302734375,-6731.09912109375,-4816.749365234376,669.757112068014,1405.0203749808165,2172.2241681359333,0.07516633421182632,0.14433442056179047,0.24548704475164412,-14290.678515625,-11782.96435546875,-9148.107177734375,-23817.687520202515,-17998.02698952039,-11819.187149521418,-106433.841015625,-96030.80078125,-83057.94453125,-114427.74139898106,-101812.45851586176,-88863.19117015356,0.0
100,PE,ARARIPINA,2601102,Nordeste urbano,>65%,71.03257868580894,1018.0411276115258,71.23007278442383,396.0773620605469,721.7933044433593,1069.824985296859,1415.9687176205052,1757.8600562904346,0.5296446204185485,0.6648399233818054,0.8003967285156249,15.17009267807007,151.35814666748047,306.32001037597655,-924.6388881265927,-424.29719338646044,117.69573116180135,19756.16064453125,21355.64453125,22771.21220703125,19161.71509500631,20808.36735533492,22284.42746777376,0.9765
101,MG,DIVINÓPOLIS,3122306,Minas Gerais,35-45%,37.31372593448591,1413.8156638896435,-1938.8778747558595,-764.1433410644531,610.8085632324219,1123.4286231686021,1408.3696895636172,1705.6888648721829,0.21770218163728713,0.3887418359518051,0.5889328598976136,-2310.79921875,-1319.6206665039062,-318.1859359741217,-6193.011944069091,-3870.1424443122414,-1351.2297161644706,-31330.948046875,-27688.650390625,-24306.82099609375,-34787.586059863184,-30165.18092548247,-25977.094449009084,0.179
102,MG,CONGONHAS,3118007,Minas Gerais,35-45%,43.889505487729686,1397.3554126932042,-306.2057739257813,-30.519051551818848,264.15434875488273,1326.2144369091898,1396.0212211718258,1468.8604780416558,0.3255674928426743,0.48261459171772003,0.6504775822162628,-642.1421997070313,-371.1972961425781,-83.95500411987307,-1882.5931831537177,-1163.5528186423057,-396.58337751311785,-3117.3115234375,-2191.5703125,-1347.0249267578124,-4157.380356401546,-2962.1499814393796,-1859.6703846418002,0.4375
103,GO,NERÓPOLIS,5214507,Goiás e entorno,<35%,30.53209232259106,1390.9919920534621,-371.39305419921874,-284.07398986816406,-172.076904296875,1350.2256424142502,1390.227452103781,1431.9669781686325,0.14090245366096496,0.2253306731581688,0.3336199402809143,-940.627001953125,-748.1878662109375,-550.352505493164,-1792.0498063940577,-1291.3327047123498,-760.8788770631407,-6195.083569335938,-5601.865234375,-4920.360327148437,-6914.372341527672,-6121.846154100662,-5304.785536858135,0.0
104,GO,JARAGUÁ,5211800,Goiás e entorno,<35%,19.995280421615668,1388.9925442897893,-494.7739822387695,-386.2148742675781,-239.6682067871094,1333.2264063478622,1387.9466954298014,1445.04408552637,0.1302911400794983,0.21140950173139572,0.3209132432937622,-1195.588555908203,-931.1623840332031,-649.1222717285157,-2380.055493037442,-1690.5257300138073,-940.1560920258916,-13245.591259765624,-12479.931640625,-11593.707421875,-14293.674485367246,-13193.39421593015,-12116.948852528409,0.0
105,BA,MACAÚBAS,2919801,Nordeste urbano,>65%,68.96955031256302,1122.1231318786606,108.72483787536622,265.6865234375,427.10796813964845,1217.4221108284157,1387.29356466519,1562.4949948997705,0.5824597537517547,0.701503574848175,0.8239298552274704,-29.943827629089355,32.3845329284668,99.00870590209958,-473.594208920126,-237.85731353931408,11.994975657988185,9559.012841796875,10449.1591796875,11228.559374999999,9230.941301887678,10193.260925927121,11020.284654636429,0.996
106,PR,PATO BRANCO,4118501,Sul,<35%,29.997646320414248,1376.88932404636,-1019.5087829589844,-819.5767822265625,-561.5502441406251,1265.0675362373765,1374.7921967641437,1489.2834001261929,0.10426481664180756,0.1818709522485733,0.28202718794345855,-1676.4112609863282,-1417.660400390625,-1138.8348815917968,-2768.599848362925,-2113.1496712024455,-1429.1890459343392,-20617.0732421875,-19156.458984375,-17560.499609375,-21506.323094967483,-19838.37481306347,-18099.766821851543,0.0
107,RS,VIAMÃO,4323002,Sul,45-55%,46.31424173896594,1364.1501385437984,-2021.03388671875,-1146.1089477539062,-127.02178268432627,1109.0747795998761,1359.366406278883,1620.5309375005002,0.1874599613249302,0.32276153564453125,0.4803568974137306,-1272.4266479492187,-390.4085235595703,559.8659698486327,-5618.023353670472,-3083.6924136291373,-510.1577566556761,-5068.8986328125,-1047.3643188476562,3060.050463867187,-8524.195260549948,-3738.0611601325713,923.529369991067,0.0325
108,MG,ITABIRA,3131703,Minas Gerais,45-55%,45.777685546151226,1359.143694459103,-963.8008209228516,-478.1395568847656,36.5540651321411,1211.1789747243345,1356.368735690859,1507.8656769354438,0.22747197598218918,0.3647994250059128,0.5103361576795578,-1036.4505249023437,-532.7516174316406,24.603369712829583,-3625.6940686182293,-2145.4843690376365,-603.1012922905907,-3479.6742431640623,-1249.6380615234375,1051.153320312499,-5593.138532700983,-2844.2914847266175,-135.65430415999487,0.066
109,PR,FAZENDA RIO GRANDE,4107652,Sul,<35%,31.88952852874736,1355.5220093859252,-1527.2878173828126,-1258.90673828125,-860.7590240478515,1205.0306401227567,1352.6996653472218,1506.7835724295805,0.09388850778341293,0.16525202989578247,0.2711209863424301,-2038.3027465820312,-1525.8407592773438,-1023.7396057128907,-4139.622960198958,-2895.6771189286874,-1547.7396864277296,-23728.45380859375,-21450.953125,-19012.768359375,-25352.833706561345,-22755.59564045846,-20122.294949613824,0.0
110,RS,SÃO LOURENÇO DO SUL,4318804,Sul,<35%,33.54929150564522,1353.1520612411473,-520.9163299560547,-406.8400115966797,-266.5979537963867,1295.262835848273,1352.0663955913983,1411.3375555933187,0.1288183480501175,0.21010402590036392,0.31003423184156415,-724.6178527832031,-600.0937805175781,-473.71045074462893,-1287.9081483321922,-955.9836835432618,-615.385833171076,-9020.15947265625,-8252.30078125,-7336.832446289062,-9473.386267849004,-8586.362825482338,-7620.409685712191,0.0
111,SP,FRANCISCO MORATO,3516309,Interior de SP,45-55%,52.250842151825516,1337.1610224927329,-1507.388330078125,-817.1713256835938,10.589687490463213,1143.7867959558855,1333.534445113729,1531.524911276089,0.20279259532690047,0.3388807028532028,0.5020879358053207,-313.7848190307617,294.6443786621094,951.0828674316405,-3269.744624614635,-1555.0993165928546,227.95128691179332,5891.5323486328125,9103.24169921875,12328.037548828124,3496.3842504116915,7241.43008568746,10818.083021564536,0.053
112,BA,CORRENTINA,2909307,Nordeste urbano,55-65%,62.98038097952591,1335.990656891975,-176.9024230957031,-56.16402816772461,81.94617691040037,1289.8200846503523,1335.1247651138108,1382.3975236650128,0.3424901977181435,0.4499928504228592,0.5729629635810852,124.84970321655274,237.34546661376953,345.2518646240234,-439.2624161711166,-119.20024732464307,213.43107860569998,5354.218774414063,6167.9296875,6783.263818359375,4922.323517795617,5807.179145410828,6542.076942091446,0.243
113,PA,PACAJÁ,1505486,Norte e demais,<35%,27.924885166171304,1329.909736588099,-446.9182861328125,-333.5479431152344,-163.14897842407228,1281.2059350015957,1328.9963361403331,1378.8627974195122,0.1210115984082222,0.21715008467435837,0.3616490513086319,-7.3516017436981205,-3.0039621591567993,0.4981050923466682,-20.2331684703542,-10.390266094694084,-2.6903098570109427,-10291.47490234375,-9577.83349609375,-8765.920458984376,-10295.361342647706,-9584.151887416798,-8774.19287235251,0.0005
114,CE,IBIAPINA,2305308,Nordeste urbano,55-65%,59.890986439776654,1329.7884426803678,-112.27047691345214,-20.480531692504883,76.29956741333007,1296.7928563042824,1329.1696371171784,1362.9528958528338,0.36076187491416933,0.47460000216960907,0.5946268916130066,86.6224494934082,140.67083740234375,194.6101188659668,-190.80293588401807,-34.00791757812404,128.82412788842166,2976.036279296875,3554.7193603515625,4006.2955810546873,2762.519947620274,3375.66098640058,3892.863746502365,0.371
115,MG,SETE LAGOAS,3167202,Minas Gerais,<35%,34.541749301185256,1328.7322201400314,-2829.6353759765625,-2383.27392578125,-1703.1855834960938,1047.8310815112904,1323.4641462434652,1611.07097151004,0.07745446264743805,0.14410900324583054,0.24566564485430717,-4063.5264404296877,-3081.6173095703125,-2087.8928222656255,-7994.122123937291,-5629.871650047571,-3073.6655472224743,-37377.3072265625,-33422.009765625,-29034.79169921875,-40498.83565714702,-35948.904217344534,-31043.4104635292,0.0
116,AM,JUTAÍ,1302306,Norte e demais,55-65%,57.165634965297315,1324.2973390767636,-81.21450119018554,-4.625250577926636,75.56679801940918,1300.9126713061025,1323.8587785267282,1347.8016863065452,0.3723283290863037,0.49272896349430084,0.6187932938337326,15.548392057418823,24.952616691589355,35.29897956848144,-28.54962893256764,-3.2415783272734036,23.250565207726048,1249.8209533691406,1710.5252075195312,2047.0656860351562,1216.481115341451,1683.1020994352107,2027.0131215968229,0.4555
117,GO,URUAÇU,5221601,Goiás e entorno,<35%,32.73111320839513,1322.4014053399303,-444.22029266357424,-345.09991455078125,-216.96745605468752,1273.598906506224,1321.4861539050373,1371.4536685372543,0.13515531718730928,0.2165643572807312,0.32180143892765045,-946.0895202636718,-771.3940734863281,-594.8467559814454,-1731.86000413366,-1272.773196592115,-791.0247990993017,-7230.578125,-6500.645263671875,-5732.9044921875,-7860.39494723182,-6976.663497529862,-6114.963407978361,0.0
118,SP,SÃO CARLOS,3548906,Interior de SP,35-45%,41.10664900813147,1313.8021040907518,-2236.5451782226564,-877.777099609375,761.7155395507812,1005.7745753862713,1308.025296665501,1623.4060746070684,0.21612258106470109,0.3885866105556488,0.5966820687055587,-3333.9722534179687,-2197.14013671875,-1006.7460388183597,-7499.429656793052,-4941.575564001207,-2185.2186743850066,-22917.5623046875,-18761.7177734375,-14587.99013671875,-26626.75690641779,-21561.22795968745,-16367.696733389756,0.1905
119,RS,BAGÉ,4301602,Sul,45-55%,45.57357633977037,1299.541823820271,-957.1029022216796,-475.3514404296875,38.444469642639085,1166.2040361210063,1297.0411813442975,1433.5620156686425,0.22748260498046874,0.36465245485305786,0.5109463661909103,-788.0018890380859,-422.59645080566406,-14.266708946228077,-2673.203199972839,-1598.8326017600089,-472.10697122544053,-4782.557592773437,-2566.3521728515625,-316.976725769043,-6184.092899205584,-3719.3492506813454,-1232.213754559306,0.0645
120,MG,PRATA,3152808,Minas Gerais,35-45%,39.247414176026396,1270.2660273936965,-101.65163040161133,28.539941787719727,167.22451095581053,1162.6949720554983,1298.928645411463,1439.3290590626661,0.38621426820755006,0.5319467484951019,0.6871860295534133,-362.91620483398435,-243.73812103271484,-113.70714111328127,-897.9027685185065,-586.2202494204134,-254.64637702861293,-3118.4200805664063,-2626.4490966796875,-2170.7545654296873,-3559.22049978504,-2963.6739789348267,-2406.3488418046322,0.636
121,RS,SAPUCAIA DO SUL,4320008,Sul,35-45%,43.40453975009549,1292.5606516404716,-996.3282135009765,-319.703857421875,447.8539413452148,1131.776256130097,1289.5452702109114,1454.1679192001056,0.25686265975236894,0.4219815880060196,0.6092913150787354,-1259.7611022949218,-687.4685974121094,-85.01518478393585,-3743.38587556478,-2305.98269481919,-719.8512661773183,-8458.33330078125,-6232.643310546875,-4206.2110595703125,-10551.065476102069,-7823.822217710236,-5204.509846099395,0.2475
122,GO,BELA VISTA DE GOIÁS,5203302,Goiás e entorno,<35%,28.194941808415397,1279.5487300695786,-344.1082260131836,-263.4599609375,-163.87805023193363,1240.3505700248165,1278.813600248698,1318.9475008152785,0.14483916908502578,0.22807782143354416,0.33085827082395547,-1269.4544006347655,-1050.4454956054688,-827.6750427246094,-2264.7917511487994,-1681.4461850178614,-1076.3739582079754,-6426.3719482421875,-5846.637939453125,-5198.922143554688,-7297.877989081647,-6458.272884197926,-5606.055057344043,0.0
123,CE,CAMOCIM,2302602,Nordeste urbano,55-65%,63.348197222576125,1278.5477609113789,-407.9002944946289,-189.37469482421875,77.83554229736319,1192.4727949894516,1276.933494471112,1365.0632464706337,0.3000135704874992,0.4071528911590576,0.538161414861679,261.20759735107424,399.5676574707031,538.6683471679687,-488.7961081420468,-66.88486661007818,372.0798558837502,10262.852880859375,11636.94580078125,12865.72861328125,9733.526087840426,11172.440011002338,12506.612753812093,0.112
124,BA,BARRA DA ESTIVA,2902807,Nordeste urbano,55-65%,62.174089774113,1274.495255132259,-116.6734603881836,-23.599705696105957,75.15558662414549,1236.7249152637023,1273.7869029251542,1312.4588983177841,0.3615316182374954,0.47199180722236633,0.5891948521137237,87.57209396362305,153.74710083007812,215.38948745727538,-245.61407167962594,-56.54791390177921,140.46377312073082,3939.1167114257814,4552.80712890625,5029.65478515625,3718.0976717120275,4352.580818183971,4880.328505596096,0.3445
125,GO,VALPARAÍSO DE GOIÁS,5221858,Goiás e entorno,35-45%,36.268814537289664,1274.0003306689498,-950.7987579345703,-306.24635314941406,434.6736724853516,1105.989103391146,1270.849415848622,1442.8714159102692,0.2601706340909004,0.4227524548768997,0.609642031788826,-1830.4604858398438,-894.8141784667969,91.69211235046353,-5923.799557731228,-3543.0266184991615,-984.7972327116111,-15248.820703125,-13111.58056640625,-10967.26806640625,-18931.036172413184,-15652.570510501755,-12432.766312755644,0.2515
126,PA,SENADOR JOSÉ PORFÍRIO,1507805,Norte e demais,35-45%,35.26838603845803,1220.079061763919,-55.79862518310547,38.29153251647949,128.43597335815429,1160.2095443117119,1258.6038844571792,1353.4862294977986,0.40627751797437667,0.564316600561142,0.7157282590866089,-4.232763147354126,2.9263041019439697,11.687269973754882,-35.470806159102175,-14.466200150693764,2.849220126143628,-3469.6923583984376,-3123.084228515625,-2816.2155517578126,-3487.071532166333,-3139.483177219187,-2832.9635038087135,0.734
127,MG,JOÃO PINHEIRO,3136306,Minas Gerais,35-45%,36.39504018035708,1253.128746497194,-250.06426773071288,-12.764971733093262,241.12562866210934,1192.8115688231228,1251.9975465641126,1313.7546190507692,0.3390088930726051,0.49178192019462585,0.6552364081144333,-308.27203979492185,-168.43863677978516,-18.074241352081334,-953.0619306080023,-581.4433867877652,-182.39944170547088,-7636.305737304688,-6822.93505859375,-6008.29931640625,-8155.10506291435,-7214.150611291912,-6276.765942846623,0.4675
128,RS,VENÂNCIO AIRES,4322608,Sul,<35%,27.226023228068467,1248.5566404409715,-825.1204620361328,-661.6756286621094,-441.2086120605469,1158.476759554757,1246.8672650563822,1339.0975375591815,0.11317883990705013,0.18980272114276886,0.29315889477729795,-1294.5267822265625,-1057.8386840820312,-818.4368499755859,-2365.297887617222,-1736.2341763710642,-1083.5542668864139,-18397.76328125,-17252.259765625,-15879.0263671875,-19282.100956127717,-17913.85814594292,-16397.670385047564,0.0
129,MG,PATROCÍNIO,3148103,Minas Gerais,<35%,30.436412421575977,1245.0411044734167,-1035.62861328125,-839.537109375,-565.5672607421875,1133.8729117681341,1242.9562348392883,1356.7782404412185,0.105396668612957,0.18011296540498734,0.28450311124324795,-1368.3859497070312,-1099.91845703125,-823.9843597412109,-2581.2296721660946,-1869.3349646431093,-1125.6559234779759,-19812.457421875,-18364.30859375,-16544.61982421875,-20745.712275028298,-19072.88691774902,-17237.509866437613,0.0
130,RS,SANT'ANA DO LIVRAMENTO,4317103,Sul,45-55%,48.96894511994742,1243.8829040598025,-743.6222076416016,-351.52447509765625,60.878029251098525,1137.096869130339,1241.8802182541276,1351.215454981168,0.24258439391851425,0.37831470370292664,0.5210738062858581,-706.7894409179687,-376.22486877441406,-16.18089098930376,-2420.5336802867423,-1445.529423642866,-429.92346789455576,-106.25695343017578,1674.4715576171875,3520.267456054687,-1484.5355519681054,606.7953604280318,2669.152361000457,0.0845
131,PA,SÃO FÉLIX DO XINGU,1507300,Norte e demais,<35%,23.548397204900823,1241.8211396961833,-659.6307556152344,-519.9173278808594,-310.1403076171875,1171.8272452518856,1240.508460758529,1312.1732531030505,0.11662747785449028,0.19782787561416626,0.31974875926971436,-143.64953002929687,-89.7389907836914,-41.8912239074707,-333.66128752362084,-208.4528024080999,-87.90681011509045,-17549.23203125,-16597.2158203125,-15384.83583984375,-17670.35273287812,-16711.946318579387,-15500.853051185062,0.0
132,PR,PONTA GROSSA,4119905,Sul,<35%,28.304341249432763,1236.8212724482175,-4367.685375976563,-3678.298583984375,-2634.2599853515626,801.8296049416341,1228.663355182371,1674.0391664720928,0.07741347216069698,0.1441136822104454,0.24512752667069435,-8004.384008789062,-6285.55029296875,-4525.00068359375,-14932.207316449589,-10768.119851746678,-6376.343749082991,-79521.338671875,-73606.98828125,-66673.82187500001,-85160.35529435234,-77761.95707365475,-70040.14257451401,0.0
133,PA,ANAPU,1500859,Norte e demais,<35%,25.85487454614426,1216.5929312815144,-375.8010726928711,-278.0552978515625,-137.25797195434572,1176.120480111752,1215.8339031601677,1257.272514795973,0.12833186089992524,0.22500266879796982,0.36425155997276304,-13.152101278305054,-6.603262186050415,-1.2595003485679628,-32.910941899969686,-18.309649494885285,-6.160905200975011,-9416.524755859375,-8851.7197265625,-8158.4276123046875,-9428.955697058534,-8862.923048914023,-8165.3361292226455,0.0005
134,SP,SERTÃOZINHO,3551702,Interior de SP,35-45%,35.55450872910511,1208.6302915361068,-889.3558624267578,-266.4015197753906,438.64554595947254,1054.9849969067584,1205.7487981754234,1363.0619212948652,0.26169710904359816,0.4286177307367325,0.6175350487232208,-1351.7389038085937,-844.3713989257812,-306.2810287475588,-3503.0305219786624,-2241.8141545497406,-869.6665178322697,-18951.5935546875,-16925.2275390625,-15004.830419921875,-20771.180187822985,-18318.027050727243,-15859.959475188443,0.271
135,BA,IPIRÁ,2914000,Nordeste urbano,>65%,71.86970384626433,859.6625218659983,94.645023727417,342.1256103515625,589.2452911376953,945.54735486264,1202.2401005146926,1467.3467352391506,0.5494271337985992,0.6786705851554871,0.8077255755662918,-11.119536733627319,79.87835311889648,179.96111145019532,-646.6622319678686,-308.3732876925999,53.98003083604417,15584.75673828125,16765.5595703125,17825.99365234375,15127.118292235951,16402.21913766943,17504.62949071562,0.9865
136,MG,IBIRITÉ,3129806,Minas Gerais,35-45%,42.52842505728243,1200.0401117812848,-1252.4610290527344,-438.80677795410156,473.98071136474584,997.1097984430146,1196.234317715308,1404.0089940818195,0.24405723214149475,0.4103289991617203,0.5968588262796402,-1106.7826232910156,-244.54003143310547,669.5092742919921,-4751.0828416916775,-2619.5447539460633,-307.0836205290791,-10490.25576171875,-8025.3798828125,-5364.693603515626,-13728.461722888833,-10311.613968313515,-6908.537200463602,0.212
137,MG,PASSOS,3147907,Minas Gerais,35-45%,38.85741185964794,1199.3794262937004,-737.1092193603515,-201.84012603759766,395.97258453369136,1068.9257914849268,1196.932873774892,1330.5007045604582,0.27280007898807523,0.43778662383556366,0.6220510452985764,-1161.7585205078126,-707.2015686035156,-220.4327102661133,-3149.0792761318057,-1997.4172873313273,-733.6666673207936,-12058.06494140625,-10297.65087890625,-8607.439453125,-13738.659221059934,-11572.991644666963,-9459.49604265888,0.291
138,SC,CAÇADOR,4203006,Sul,<35%,31.377078309430132,1198.7590219241488,-825.4238708496093,-660.4285888671875,-443.4438873291016,1112.355065178211,1197.1385855267906,1285.6051820364391,0.11281880252063274,0.19021306186914444,0.2919939711689949,-1168.1448059082031,-967.0970153808594,-760.7019317626953,-2071.574686210089,-1537.868728273111,-988.1789683980755,-14962.670166015625,-13752.0009765625,-12328.276220703125,-15684.50207436802,-14306.730272448549,-12815.945740304598,0.0
139,GO,CALDAS NOVAS,5204508,Goiás e entorno,<35%,27.363737486095662,1198.5083664709493,-1077.5219970703124,-875.8616333007812,-592.7855987548828,1090.062024516313,1196.4745429484879,1307.5097216366355,0.10465451031923294,0.17864421010017395,0.28250548243522644,-2146.948107910156,-1706.5911865234375,-1255.21494140625,-4127.340686291868,-2962.9438412175205,-1747.7655773786362,-20440.93310546875,-18842.541015625,-17053.60244140625,-22047.800662994894,-20055.527183269005,-17933.275433512168,0.0
140,CE,IPU,2305803,Nordeste urbano,>65%,71.08239095315024,931.5694479060329,110.7773208618164,266.8719482421875,426.3148712158203,1029.8071611412136,1198.8463714004702,1373.40018759279,0.583592888712883,0.7013823986053467,0.8216985464096069,-12.58080129623413,54.1768798828125,124.92171897888181,-476.50088128688157,-229.8845808162689,33.95470559907462,11443.86513671875,12308.4296875,13130.758642578125,11111.079443158098,12054.102700769845,12917.696340793165,0.9965
141,MG,CURVELO,3120904,Minas Gerais,35-45%,43.4739738592066,1192.8435594931275,-494.34916229248046,-104.67956161499023,327.21969451904295,1097.194960592497,1191.0497473015098,1288.9816745457226,0.29840255379676817,0.457311287522316,0.6334414035081863,-651.3790069580078,-359.2986145019531,-44.566338729858415,-2001.7832287530941,-1221.2932361693167,-388.0883019666388,-5380.269287109375,-4074.974365234375,-2851.562744140625,-6514.541753317055,-4933.098886502502,-3416.1804525875873,0.348
142,BA,FORMOSA DO RIO PRETO,2911105,Nordeste urbano,55-65%,58.15224140072023,1192.5797219873089,-112.70759506225586,-22.67112922668457,75.26926651000973,1157.2548805772296,1191.9172331279142,1228.0853509952678,0.36444288939237596,0.47273269295692444,0.5905287951231002,65.0610855102539,120.7447509765625,173.33504180908204,-213.40707926944836,-55.90302770792162,108.76145416588177,2262.6300048828125,2849.9630126953125,3316.2162597656247,2055.503717807921,2671.336510702047,3174.8669734677733,0.346
143,SP,ATIBAIA,3504107,Interior de SP,<35%,28.949319315271598,1192.4486102275825,-1976.1308227539062,-1639.5137939453125,-1159.6585510253906,997.1859763609153,1188.7866172948757,1388.7105709453638,0.08557780347764492,0.15617108345031738,0.2568034425377846,-3631.345178222656,-3005.7122802734375,-2350.099560546875,-6203.500551032065,-4666.365802124728,-3039.705097437267,-36297.9666015625,-33542.16015625,-30365.64443359375,-38335.94466452468,-35131.01700010158,-31698.908339480942,0.0
144,RS,DOM PEDRITO,4306601,Sul,35-45%,41.63265306122449,1176.6770423546564,-162.28546981811525,14.678697109222412,203.08850173950194,1008.829494839112,1192.4879832305708,1380.2111919897839,0.3612138107419014,0.5125531852245331,0.6736808508634567,-308.2709030151367,-198.96734619140625,-81.01668052673341,-806.0902669330777,-515.9391256728803,-208.7214472742197,-3588.7272216796873,-2974.002685546875,-2376.5786865234377,-3978.1248490023377,-3274.4466899245353,-2612.0146378593445,0.544
145,TO,PORTO NACIONAL,1718204,Goiás e entorno,35-45%,43.396580371978345,1190.885427795636,-338.62023773193357,-42.189178466796875,273.3651870727538,1109.0456704148025,1189.3505892696548,1273.1440296088101,0.3201507180929184,0.4775923192501068,0.645190766453743,-422.8505584716797,-228.0124969482422,-21.084860515594563,-1315.6999745517119,-799.6904535800055,-245.65731177544075,-5261.108935546875,-4243.052978515625,-3300.7395751953127,-5977.311624936516,-4792.181332340064,-3688.586100880349,0.4195
146,PA,RURÓPOLIS,1506195,Norte e demais,<35%,25.650026001040043,1189.0842201633345,-293.9310531616211,-212.5858612060547,-97.05099296569824,1155.3429212528251,1188.4514293640718,1222.9982023226814,0.13706837221980095,0.23750943690538406,0.3801662102341652,-10.530437517166138,-5.172346591949463,-0.8780029058456422,-26.689128782422557,-14.544761501360693,-4.770949664124371,-7705.843579101563,-7233.244140625,-6685.87373046875,-7714.111441632273,-7242.362631632175,-6693.290520048773,0.0015
147,BA,SENTO SÉ,2930204,Nordeste urbano,>65%,65.00042362111327,938.0204620652826,113.88744010925294,250.18356323242188,388.9748107910156,1043.3991575116456,1187.7651816330654,1339.333492877169,0.5945061147212982,0.7076074481010437,0.822779256105423,16.12639832496643,57.66802978515625,103.25209197998046,-262.22421032611805,-112.84266834004546,47.89181969613845,7151.626147460937,7930.64404296875,8683.52666015625,6969.864365513472,7769.038276915337,8521.363778797382,0.9985
148,MG,BARÃO DE COCAIS,3105400,Minas Gerais,35-45%,44.7103985548154,1150.7103466492108,-116.88694534301757,25.814186096191406,176.9222511291504,1027.6497566076368,1175.9536870395445,1329.56645056508,0.37891377210617067,0.5267415642738342,0.6832783699035645,-439.8558013916016,-292.6161193847656,-130.51137161254883,-1107.8383110199245,-720.1410163204848,-305.9425776577019,-1465.8328125,-957.0354919433594,-435.3024612426759,-2045.4301016785553,-1383.801516605587,-699.1531587225002,0.608
149,RS,SÃO JOSÉ DO NORTE,4318507,Sul,35-45%,42.409000661813366,1137.820883434792,-86.88790130615234,31.68696880340576,157.14059600830075,1042.7719328834453,1171.0158251846005,1298.3564647226929,0.39495636373758314,0.5383081436157227,0.6899760693311691,-281.36448364257814,-151.56563568115234,-10.921914052963265,-865.9056850871908,-527.6270733232606,-163.29235383293147,-1881.8473815917969,-1434.1845703125,-981.1520690917969,-2395.6152160406127,-1798.6464775293211,-1229.9390807531595,0.665
150,MG,RIBEIRÃO DAS NEVES,3154606,Minas Gerais,35-45%,43.92700278379214,1167.7619499661685,-2417.32998046875,-971.4627380371094,719.6455963134765,813.2195052909343,1161.1127928743313,1524.1188932877008,0.22352390363812447,0.38889138400554657,0.5823076844215394,-1412.4814392089843,-32.39820671081543,1432.8091369628905,-7036.299217740347,-3710.4697878825627,-100.18678151849537,-15994.290625,-11350.419921875,-6920.357470703125,-20823.79966407517,-14957.296226956412,-9179.616939275273,0.169
151,MG,LAVRAS,3138203,Minas Gerais,35-45%,40.307080111119454,1166.7070934819487,-672.4536590576172,-174.73612213134766,393.18058929443356,1049.8583258820863,1164.515689255381,1284.153876732168,0.27750415802001954,0.44218477606773376,0.6300923377275467,-1161.931707763672,-764.5834350585938,-351.0882629394531,-2839.030128417151,-1845.6710405555993,-786.0064057541588,-9497.45048828125,-7911.063232421875,-6289.799145507813,-10925.773885334647,-8949.204777184603,-7054.317139960622,0.308
152,MA,COLINAS,2103505,Nordeste urbano,>65%,70.12021142242388,919.0087651157534,112.53010177612305,239.62630462646484,372.27592620849606,1020.0492807175564,1158.7641435793344,1302.504067591049,0.5989675700664521,0.7107456922531128,0.827407944202423,-8.060229682922364,43.47328567504883,97.87024269104003,-364.20053077115665,-175.6433614376711,28.57753210827166,8741.62724609375,9476.724609375,10164.983935546876,8531.843308943164,9275.631386596342,9951.487251802455,0.9985
153,RS,ALEGRETE,4300406,Sul,35-45%,43.955176365720106,1156.219663289759,-438.0875,-77.313232421875,320.84363708496096,1070.1008319246303,1154.6045741885466,1242.7792387894185,0.3035693377256393,0.46533411741256714,0.6438606083393097,-690.5177642822266,-437.2914581298828,-168.81393356323244,-1813.684986351319,-1155.4533982117543,-455.1973413236739,-4693.153833007813,-3528.19482421875,-2411.905419921875,-5606.079565486284,-4238.255458370083,-2903.28391934242,0.371
154,GO,PORANGATU,5218003,Goiás e entorno,<35%,33.93183997210843,1151.6837215762691,-453.0802337646484,-352.3960418701172,-220.18267898559571,1101.3568985913143,1150.7398826735207,1202.2681102026586,0.13412881419062614,0.215433269739151,0.3221981585025787,-809.6453918457031,-654.9205932617188,-497.53393707275393,-1504.8883235067285,-1099.054984272288,-669.6902137447681,-7143.049536132812,-6461.007568359375,-5627.799145507813,-7759.6989420712,-6865.051498744135,-6006.824544486795,0.0
155,CE,BARROQUINHA,2302057,Nordeste urbano,>65%,67.28151075977163,987.8279460502686,91.10481910705566,150.67861938476562,211.91418533325196,1074.2112690909103,1137.6947381149844,1203.986099521537,0.6497744739055633,0.7477126121520996,0.8483826577663421,7.738312196731568,23.33667278289795,39.895189666748045,-91.41475806200022,-37.15992899379931,20.13373482643415,4038.0749755859374,4457.647216796875,4834.814794921875,3972.513898687966,4399.363751052932,4781.946449492333,1.0
156,GO,PLANALTINA,5217609,Goiás e entorno,35-45%,40.12074081653535,1134.4244449957412,-551.1307159423828,-117.7299919128418,342.49673461914057,1027.2502008939452,1132.4144786406987,1242.147191889689,0.29307871162891386,0.4557984322309494,0.6285899490118027,-579.2631256103516,-44.223453521728516,518.6759094238281,-2860.8643893531043,-1524.0492244648135,-90.2977509808599,-6615.144702148437,-5109.558349609375,-3738.880847167969,-8557.781382463241,-6598.202925762158,-4562.1341336246805,0.331
157,PR,PITANGA,4119608,Sul,35-45%,39.437557627292286,1110.7399835920162,-129.95531997680663,22.536730766296387,184.8693992614746,972.5084139684451,1133.3397687094014,1299.1306312010995,0.3734710723161697,0.521942526102066,0.679995110630989,-370.8754165649414,-249.22486877441406,-115.11395988464362,-922.4753851046694,-601.8631022339046,-259.2582732838914,-4005.534460449219,-3474.3721923828125,-2944.478381347656,-4458.347008060198,-3810.1449614741828,-3203.3703710058385,0.586
158,BA,ITABELA,2914653,Nordeste urbano,45-55%,49.104612213347075,1122.565245574039,-158.89018859863282,-35.63445854187012,93.2377056121826,1088.51688856112,1121.9266961481578,1156.7878573162193,0.32042248696088793,0.4597259759902954,0.6053771406412124,-46.91155300140381,4.112328290939331,57.19944610595702,-302.52193325550917,-157.26665853690278,-3.4057775128605083,-571.0832916259766,-20.628737449645996,500.84378356933587,-764.5864761773937,-181.27876317589715,366.05928431788067,0.328
159,RS,ERECHIM,4307005,Sul,<35%,25.262517607888334,1122.5318011344152,-1272.9841064453126,-1036.5146484375,-718.4925720214844,985.5137027505536,1119.9621374051158,1260.2511389827464,0.0978187631815672,0.17252791672945023,0.27300245612859725,-2000.3140747070313,-1691.3892822265625,-1354.9314575195312,-3304.1789202380814,-2522.510553891112,-1699.3332574935534,-30977.66064453125,-29209.6640625,-27198.1505859375,-31948.032945299663,-30056.9696382013,-27974.228941413825,0.0
160,MA,BARREIRINHAS,2101707,Nordeste urbano,>65%,72.69249840617695,751.9339202653364,94.39931182861328,363.3677673339844,635.8892211914062,832.781646891281,1115.7877575864748,1413.2749658017913,0.5449238032102585,0.6729235649108887,0.8026141911745072,49.861754989624025,135.89440155029297,232.93079147338867,-512.8692401369419,-210.6817590177733,116.87429852336389,19407.67080078125,20843.6533203125,22107.36962890625,19062.381001696285,20531.013619826954,21848.8591921638,0.985
161,GO,ITAPURANGA,5211206,Goiás e entorno,<35%,34.6255351592282,1110.4681756149039,-302.59276885986327,-228.1097412109375,-134.13363647460938,1073.070692013559,1109.7668160258354,1148.0570543069884,0.1480005957186222,0.2346450388431549,0.3439653471112251,-753.2886383056641,-600.53271484375,-445.31520080566406,-1426.070009748325,-1030.4401478732577,-608.2685729540311,-4545.34091796875,-4021.026123046875,-3474.3945068359376,-5097.519606764085,-4433.130721238194,-3766.5713376880763,0.0
162,PR,DOIS VIZINHOS,4107207,Sul,35-45%,37.59673982128837,1096.430971482746,-206.2829147338867,4.523934602737427,227.1955688476561,881.0452877404779,1099.0407525440019,1328.5460125499812,0.3444134250283241,0.503412127494812,0.6713597327470778,-460.02730560302734,-331.1412811279297,-189.37272872924805,-980.7948190124312,-667.7978350564389,-332.4794795674667,-6924.648657226562,-6199.79248046875,-5526.535375976562,-7339.145142247728,-6540.670367447552,-5747.672344708398,0.5115
163,PR,IRATI,4110706,Sul,<35%,30.0,1100.516147992696,-696.6823547363281,-553.5004577636719,-366.7724945068359,1022.7865826398331,1099.0583927973066,1178.6435223899437,0.11864908151328564,0.19702419638633728,0.2992355763912201,-1244.0391418457032,-1026.564208984375,-803.2444030761719,-2240.458260364254,-1656.499487331998,-1049.709222151662,-13830.771337890625,-12767.1455078125,-11575.834326171875,-14589.822062416682,-13372.862158189248,-12063.58639848666,0.0
164,TO,GURUPI,1709500,Goiás e entorno,<35%,32.4405828887155,1099.2043111330827,-960.5626678466797,-775.5599060058594,-520.1554656982422,995.201538574747,1097.2538231643982,1203.7393553357658,0.10786317065358161,0.18338807672262192,0.2876535028219223,-1049.7673645019531,-846.5845947265625,-638.488720703125,-1969.2283919668316,-1429.7939224051834,-865.7002986885125,-17245.63212890625,-15919.45556640625,-14392.554638671876,-17981.272086446894,-16493.833991185318,-14828.623644164129,0.0
165,RS,CARAZINHO,4304705,Sul,<35%,30.48617242459628,1091.7439941381044,-697.3891754150391,-552.24951171875,-368.53728637695315,1014.7360153259043,1090.2997717152682,1169.1460890156939,0.11837082616984844,0.19779495149850845,0.2983269780874252,-963.4002655029296,-811.4852294921875,-652.6489532470704,-1638.1339743876972,-1237.2735957868297,-827.5037104517704,-14205.121484375,-13146.5654296875,-11977.06962890625,-14722.013932811851,-13561.21639987483,-12346.432572205169,0.0
166,RS,CAÇAPAVA DO SUL,4302808,Sul,45-55%,50.74842000221754,1090.1773412408406,-179.25193099975587,-47.56147384643555,81.86601753234862,1050.6150980175069,1089.4353833341129,1129.9420584919003,0.3208197444677353,0.452457532286644,0.5818332970142365,-319.2733642578125,-192.65219116210938,-59.722375488281294,-961.5343722347337,-595.082580988906,-215.19185691669568,598.264028930664,1203.1458740234375,1862.9931274414062,64.80147973057319,808.4880663319019,1518.451918015003,0.2655
167,BA,CAETITÉ,2905206,Nordeste urbano,>65%,71.63732074786712,769.4579823533171,87.37420310974123,313.5970916748047,541.3272796630858,837.7585424122831,1080.5867420715028,1327.338967564069,0.5517853081226349,0.6858639717102051,0.8208359360694885,-126.34724998474121,-16.107738494873047,103.29690704345703,-863.5827620885385,-468.03838178505947,-49.93433964849017,14842.66962890625,15987.50537109375,16983.95908203125,14332.239972929088,15555.134527909875,16590.129681800638,0.984
168,MA,VARGEM GRANDE,2112704,Nordeste urbano,>65%,73.13414484200172,813.8855134018314,114.22993049621581,265.0443420410156,416.7843780517578,921.5677154759002,1078.6202813662085,1243.74830377295,0.5874708443880081,0.7029560208320618,0.8191499739885331,17.905315017700197,66.66278839111328,120.08200874328611,-308.7511178518854,-133.83999751161207,55.578052529168545,11373.658984375,12214.478515625,13037.93974609375,11156.211697086695,12019.589493734302,12851.509407025947,0.998
169,AM,NOVA OLINDA DO NORTE,1303106,Norte e demais,>65%,67.2933803368586,891.9097930358273,103.10176506042481,185.29615783691406,270.2938659667969,988.884472020709,1076.128740468865,1167.7976547361416,0.6292325705289841,0.7322588860988617,0.8387990236282349,20.555513858795166,62.17206954956055,106.21998748779296,-248.32746119314928,-103.43798072912664,53.282261040974404,5894.9078125,6435.490478515625,6921.126123046874,5729.837635040328,6277.777881482533,6781.096656324423,1.0
170,BA,SEABRA,2929909,Nordeste urbano,>65%,76.47570350273052,792.982628779105,97.16145286560058,281.2409210205078,462.92043457031247,878.220765885143,1072.9742148909163,1271.108060586818,0.5678520828485489,0.6964027881622314,0.8232774704694747,-65.32314796447754,10.594160556793213,93.95456542968749,-597.9878326448373,-313.90936628014106,-13.950482615427594,15440.179296875,16363.6083984375,17210.0408203125,15069.779727511881,16038.216284186801,16974.665996962707,0.993
171,CE,CANINDÉ,2302800,Nordeste urbano,>65%,72.24154548883209,671.5958661844599,58.59804840087891,396.3040008544922,728.1810241699219,717.0667099344763,1065.6261219927662,1422.9711575301526,0.5243270397186279,0.6645261347293854,0.8023053228855133,-27.804881286621093,91.78818893432617,225.1516731262207,-850.8546059758869,-412.047629672678,58.52415133495156,21503.26708984375,23091.2255859375,24481.98603515625,20964.493530223175,22602.873613971187,24069.718714257742,0.974
172,MG,PARÁ DE MINAS,3147105,Minas Gerais,<35%,27.27254521058218,1064.9893922400395,-1071.153076171875,-868.2308654785156,-587.3083557128907,955.4727334712894,1062.9354957905084,1175.066541951602,0.10405095033347607,0.17906063050031662,0.2829029470682144,-1734.0364318847655,-1397.9320068359375,-1057.0636230468751,-3222.241231587471,-2348.1279498721806,-1433.7242255683652,-21902.8431640625,-20415.5654296875,-18587.71611328125,-23117.161404305472,-21345.989706564353,-19437.356270202912,0.0
173,GO,IPORÁ,5210208,Goiás e entorno,<35%,28.104310911204326,1063.9801643576259,-382.10760498046875,-294.63011169433594,-186.46222076416018,1020.5818881263306,1063.1662647512157,1107.6005468970823,0.1409977726638317,0.22318565100431442,0.32481282502412795,-1038.7249328613282,-865.6934204101562,-688.6930541992188,-1814.2904308828647,-1354.8766240145608,-884.6778341156382,-7984.868872070312,-7383.893798828125,-6676.8975830078125,-8615.611154453944,-7843.828234054116,-7047.587263398113,0.0
174,CE,IPUEIRAS,2305902,Nordeste urbano,>65%,69.02083150215347,808.032368624994,112.84000663757324,255.14252471923828,397.7235412597656,914.6887876020329,1063.4856579788586,1217.9401141878473,0.5911676168441773,0.7061391174793243,0.8213356554508209,14.856092405319213,63.80034255981445,117.27466621398925,-316.66679907032216,-139.18990219044883,51.890448505432396,8812.65263671875,9604.072265625,10373.75771484375,8624.369573497424,9411.128658058678,10145.270271478596,0.998
175,PI,COCAL,2202703,Nordeste urbano,>65%,67.8012730607401,852.3993444450632,108.41317176818848,209.24130249023438,310.0590087890625,954.354904193816,1059.6134472211056,1172.7111996845347,0.6157271087169647,0.7233574986457825,0.8309767454862594,11.76869249343872,47.471893310546875,85.30185432434081,-229.18372342759866,-100.48426983191257,38.24254178939139,6721.848291015625,7345.050048828125,7871.11240234375,6584.815317288473,7212.149556804892,7742.827737618499,0.9995
176,PR,TELÊMACO BORBA,4127106,Sul,<35%,31.317924383897136,1050.1259794288271,-801.6096740722656,-641.4355163574219,-427.02060241699223,964.154097298423,1048.5136462417822,1136.5378536281307,0.1139648549258709,0.19110073894262314,0.29435755908489225,-1210.3521606445313,-983.8252868652344,-756.9516174316408,-2239.184116961583,-1635.8295422533324,-1012.6810539821196,-14532.967529296875,-13343.1943359375,-12031.117919921875,-15355.558003855045,-13981.624953262239,-12523.243226396304,0.0
177,AM,CARAUARI,1301001,Norte e demais,>65%,67.03099059214168,855.5489236453153,104.23876838684082,192.4255142211914,280.78602142333983,955.3047868215921,1047.0357168548405,1143.1063791708857,0.6245266497135162,0.7298770844936371,0.835435089468956,12.617339658737183,50.18362617492676,89.76485099792481,-239.64599681614135,-104.74806742420755,40.59696713501763,5285.601000976562,5803.03955078125,6309.842797851563,5121.206584948582,5661.495218756605,6155.470416691212,1.0
178,PR,CASTRO,4104907,Sul,<35%,27.126578088798524,1045.152587172839,-868.5274475097656,-699.7872314453125,-466.2838348388672,952.3815613462195,1043.412741539245,1138.3984021348817,0.11206364445388317,0.18743311613798141,0.2917297050356865,-1175.1493530273438,-940.2770385742188,-697.8333404541016,-2250.500313901628,-1620.4545567345435,-959.17124788379,-19094.45224609375,-17926.474609375,-16437.46015625,-19967.230874848206,-18567.468997894015,-17058.68480272425,0.0
179,GO,PONTALINA,5217708,Goiás e entorno,<35%,29.5952402415938,1043.5366388287027,-190.3862106323242,-139.35794830322266,-81.3558708190918,1019.2066707570518,1043.0803499352924,1067.9911242742069,0.16863998100161554,0.25745275616645813,0.3584031641483307,-607.6048828125,-509.88623046875,-406.3284393310547,-1031.9658075825387,-779.5170628588039,-518.857462132847,-4152.985278320312,-3835.5487060546875,-3454.4203979492186,-4513.338888013608,-4101.0744847420065,-3641.893416728816,0.0
180,BA,MARACÁS,2920502,Nordeste urbano,>65%,67.44287949921753,844.4559458206775,98.24256477355958,196.10509490966797,295.7055633544922,936.0376553796204,1039.9876053149135,1149.4272706666982,0.6130836695432663,0.7257298827171326,0.8403765857219696,-47.501822280883786,-0.3582559823989868,49.10608749389648,-381.28634965709904,-204.05485415486714,-17.53330589715182,5774.249072265625,6359.630859375,6874.759936523437,5547.554405947731,6160.984653263334,6702.00699094791,0.999
181,BA,LIVRAMENTO DE NOSSA SENHORA,2919504,Nordeste urbano,>65%,69.24528973893223,764.8758388087944,98.1807876586914,274.92127990722656,449.86220703124997,852.1839075710003,1038.5833853139316,1229.614122983499,0.5707293272018432,0.6980529725551605,0.8240802079439163,-55.225471305847165,10.293397903442383,81.87763824462891,-516.2263337510497,-270.95397568946305,-11.547613735103303,10896.823291015626,11833.1748046875,12693.105712890625,10579.716139206277,11559.029597172634,12458.324021044196,0.993
182,RS,SÃO BORJA,4318002,Sul,45-55%,46.212870545214756,1034.9745021253048,-423.73490142822266,-169.72484588623047,82.68911933898919,961.8003630489062,1033.6021802691034,1108.5231362115176,0.27269392758607863,0.4089537113904953,0.5443573087453841,-324.6025680541992,-185.32614135742188,-32.43051023483281,-1057.1404177871364,-640.4411820849475,-209.56607717477712,-2952.938427734375,-1758.7603759765625,-563.3900756835939,-3472.639151777585,-2226.480098207557,-997.503467682832,0.1325
183,SP,EMBU-GUAÇU,3515103,Interior de SP,35-45%,42.09665307873847,1033.0518792527866,-409.7223617553711,-68.92424392700195,298.2062088012695,951.2691469481153,1031.518110186035,1115.253164143435,0.30931437611579893,0.46792252361774445,0.6387857437133789,-720.7563262939453,-390.48072814941406,-40.442855072021544,-2219.79484084247,-1351.4023538255915,-420.82123310928824,-4758.07578125,-3621.520751953125,-2491.081909179688,-6071.665957740363,-4553.639527612577,-3092.353700947373,0.3855
184,SP,SÃO ROQUE,3550605,Interior de SP,35-45%,35.378912685337724,1026.5621142558314,-496.60274505615234,-97.22937774658203,341.87481689453114,930.7073477721541,1024.76443555777,1122.907452028329,0.2939749777317047,0.4596625417470932,0.6418332576751709,-1208.6820556640625,-828.9898376464844,-445.4700210571291,-2738.544966484382,-1824.91546008221,-842.5744038357691,-11533.859033203125,-10242.2470703125,-8955.1166015625,-12814.071701019984,-11201.134407266034,-9526.252580843395,0.3565
185,RS,CANDELÁRIA,4304200,Sul,<35%,29.240007064225583,1024.4561604496455,-316.82471923828126,-239.61241912841797,-141.81978607177734,987.199046266545,1023.7574333756027,1061.9039513324349,0.1465114362537861,0.2326589748263359,0.34176843911409377,-422.0710144042969,-336.2063751220703,-249.10863189697267,-799.5495212418738,-577.6613316948007,-340.30890152830847,-7100.71044921875,-6610.85595703125,-6014.565625,-7391.349022333357,-6848.351910426311,-6227.835382330662,0.0
186,GO,PIRACANJUBA,5217104,Goiás e entorno,<35%,32.16331858727972,1024.4177300191811,-258.36320343017576,-194.45882415771484,-119.83027114868165,994.1747002039829,1023.8505464303204,1054.815539431248,0.15727049857378006,0.24204231798648834,0.3410401716828346,-917.3345764160156,-779.5123291015625,-628.2005493164063,-1531.223964095052,-1166.9698460050533,-790.2509654942244,-4324.243505859375,-3894.2630615234375,-3421.0296997070313,-4871.3743600693315,-4277.8536623070595,-3679.637456551169,0.0
187,RS,SANTO ÂNGELO,4317509,Sul,35-45%,36.98443804034582,1024.2744127135938,-481.1069366455078,-91.71703720092773,339.87306976318354,929.1412327705793,1022.4902667880854,1119.894470966433,0.2957880809903145,0.4610695391893387,0.6442634344100951,-852.533837890625,-591.4827270507812,-321.4060455322266,-1910.2518407834418,-1278.1231908529576,-600.8387601296245,-11270.74873046875,-9987.21875,-8774.394287109375,-12181.711129539466,-10653.871840722288,-9208.112735028662,0.362
188,GO,ORIZONA,5215306,Goiás e entorno,<35%,25.254473374049073,1019.9680330716253,-155.80174026489257,-112.9911880493164,-64.62202568054202,999.4982240016967,1019.5841383414172,1040.54260376151,0.17780267745256423,0.2663347125053406,0.36636192202568046,-749.8732360839844,-638.2487182617188,-514.8942138671875,-1220.276075396162,-936.0276276496722,-642.4582179144936,-3988.8422973632814,-3706.174560546875,-3387.1333740234377,-4403.810643370064,-4007.5292673435015,-3577.0202147776527,0.0
189,GO,BOM JESUS,5203500,Goiás e entorno,<35%,33.09507339943125,1019.5604940072549,-249.5132080078125,-185.7796401977539,-107.48645324707032,991.0238299325905,1019.0253119291733,1048.2432047375762,0.15609051063656806,0.24393588304519653,0.3518490746617317,-432.4845733642578,-351.1833801269531,-267.6302627563477,-792.2315999350369,-581.0562932612798,-358.0588044769849,-4422.664086914063,-3986.765625,-3513.8261108398438,-4678.436665676217,-4212.838820637609,-3700.4673373968944,0.0
190,PE,AFRÂNIO,2600203,Nordeste urbano,>65%,65.13341607198262,850.2106153860792,96.0930721282959,167.1171112060547,242.15238647460936,940.5490349723723,1016.7012854093507,1098.0197518209334,0.6373700112104416,0.7389025390148163,0.8461693465709687,-13.992284107208253,27.655593872070312,68.88767852783201,-295.0265027240778,-145.42502676594978,13.850918550743895,4205.9625,4635.0439453125,5071.61337890625,4037.4334744157495,4466.620630094916,4911.674240772938,1.0
191,CE,VIÇOSA DO CEARÁ,2314102,Nordeste urbano,>65%,69.3835800807537,665.830804888325,100.45401000976562,344.5749053955078,586.5859802246093,756.9969806301631,1011.353273315432,1273.8718561327933,0.5520077377557755,0.6783957183361053,0.8036913633346557,42.34683628082276,98.0254020690918,159.9261505126953,-300.921205948902,-112.63692848664323,86.93205454406073,14494.49677734375,15783.302734375,16965.0408203125,14272.179072817806,15579.374382217902,16762.720084283577,0.9895
192,MG,SANTA LUZIA,3157807,Minas Gerais,35-45%,41.45440529341856,1007.7725101513053,-1831.21171875,-736.8287658691406,544.3015655517578,734.6399415135307,1002.6501295081835,1282.3029330756297,0.22198427096009254,0.3881341814994812,0.5826361894607544,-1649.3520568847657,-462.07481384277344,775.3817657470703,-6462.903676393768,-3634.9504643757123,-536.9110482363787,-17131.82275390625,-13479.46728515625,-10270.952099609376,-21336.194591628348,-16620.091935745484,-12176.693038823589,0.172
193,SP,VARGEM GRANDE PAULISTA,3556453,Interior de SP,35-45%,36.83909506863243,1007.7179418394554,-303.88797149658205,-27.755695343017578,272.77131652832026,938.6912804177481,1006.4234025756489,1077.097872060397,0.32330860793590543,0.48386184871196747,0.6585990458726882,-881.744580078125,-614.7514038085938,-329.0873794555664,-1995.5639635148416,-1336.2539657197663,-623.9569365545365,-7425.016748046875,-6492.811767578125,-5560.272900390625,-8337.622787382392,-7178.43808256453,-6098.7267041870855,0.4445
194,RS,GUAÍBA,4309308,Sul,35-45%,42.08744402781317,1002.0549467307599,-655.2151763916015,-167.4125747680664,375.49129943847646,881.5609608008617,999.7951793796225,1123.1656040286152,0.2800553172826767,0.4438024312257767,0.6260460913181305,-1137.350439453125,-696.5961608886719,-224.64679794311525,-3080.0932049216594,-1949.668849443178,-723.9816631560755,-7462.869677734375,-5893.102783203125,-4363.648779296875,-9144.408942228145,-7097.502090326951,-5283.430286375893,0.309
195,BA,XIQUE-XIQUE,2933604,Nordeste urbano,>65%,69.55069124423963,718.9415028947325,109.52872772216797,279.4122619628906,452.00010986328124,816.4818840199342,998.8733162615365,1186.3599027367134,0.5773857831954956,0.6974142789840698,0.8193534791469573,-16.10200481414795,44.99102210998535,110.68288192749023,-446.95544807803645,-218.03502991136128,26.4273930950786,10244.70849609375,11207.85302734375,12034.800390625,9930.849403594855,10962.575099064135,11822.315732168023,0.9955
196,RS,FREDERICO WESTPHALEN,4308508,Sul,<35%,28.18598424385974,995.4137136291316,-359.24183502197263,-273.2775115966797,-173.74907913208008,952.8181750084219,994.6148687180239,1038.227250259181,0.14144659489393235,0.22724618762731552,0.32658387422561647,-544.0269165039062,-468.2415008544922,-385.31884613037107,-867.3502756769077,-671.4939049151237,-471.4561797564249,-8880.186962890624,-8305.87744140625,-7606.521704101563,-9117.410637511171,-8498.761797471983,-7790.552347340054,0.0
197,CE,EUSÉBIO,2304285,Nordeste urbano,45-55%,47.3835214869332,994.752036320768,-596.9933441162109,-255.80137634277344,84.47947540283201,889.2578386935853,992.7735778799374,1100.7861384972132,0.25074179619550707,0.3931971490383148,0.5352721124887466,-951.114990234375,-674.2019653320312,-365.9378326416016,-2048.206443220576,-1379.358780982761,-676.34369361244,-2499.2527709960937,-1040.2437133789062,443.74772338867183,-3285.61686020476,-1716.4876377988762,-133.64324257211268,0.104
198,PA,TOMÉ-AÇU,1508001,Norte e demais,45-55%,52.14283903996756,992.1125732652521,-526.7334045410156,-215.30225372314453,140.25922164916992,905.5726336453899,990.489586618963,1079.0954121927973,0.250845105946064,0.3981579393148422,0.5663452774286271,-0.7987850099802011,49.11372184753418,103.88362579345703,-225.75719202974255,-90.48729825258633,45.20434625530925,712.7491943359375,2056.0238037109375,3381.8192871093747,569.6080348813211,1918.2458492841631,3267.6387342740263,0.148
199,CE,ITAITINGA,2306256,Nordeste urbano,55-65%,56.233700146301125,991.5474100786136,-280.1029983520508,-110.22725296020508,82.20240631103508,922.5865468217085,990.2541048062254,1060.8612053889483,0.316854327917099,0.42792779207229614,0.5537481218576431,192.50983734130858,375.76312255859375,556.1342102050781,-729.1747770855349,-207.00207895283185,340.00820831719693,4232.685083007813,5307.364501953125,6158.946606445313,3539.0172788037544,4722.5911165054895,5801.610786371415,0.161
200,MG,MONTE CARMELO,3143104,Minas Gerais,35-45%,41.984036488027364,990.1083811122295,-224.4907096862793,-3.7206777334213257,231.01190948486328,932.4033905808009,989.0261706384513,1048.1086977147008,0.3428068146109581,0.49739471077919006,0.6617594838142395,-414.85680389404297,-258.5151672363281,-91.43365821838385,-1126.5677914957387,-712.1872717074368,-273.62351003773756,-4208.9940185546875,-3463.896728515625,-2768.117602539063,-4777.985060584352,-3927.708185780848,-3063.8361793769814,0.489
