grupo,margem_base_mediana,margem_dir_mediana,mob_mediana,potencial_mediana,terc_base_mediana,terc_dir_mediana,margem_base_p05,margem_dir_p05,mob_p05,potencial_p05,terc_base_p05,terc_dir_p05,margem_base_p95,margem_dir_p95,mob_p95,potencial_p95,terc_base_p95,terc_dir_p95
AC,-185763.0625,-187672.015625,-5817.95849609375,2088.005615234375,-12237.69482421875,-14238.4658203125,-188227.46953125,-191103.33828125,-8344.376904296874,1256.6837768554688,-15431.106201171875,-17417.0421875,-183421.33359375,-184609.53046875,-541.1686187744156,2598.4220581054688,-8449.720849609379,-10282.40810546875
AL,179691.9765625,153233.421875,-11077.4931640625,10301.3896484375,25286.81640625,-3223.832275390625,168391.33828125,120921.841796875,-21765.2904296875,5706.791650390625,4875.297216796875,-29205.6697265625,191490.7953125,181397.2640625,4403.581665039059,14968.582031249996,43744.59804687499,28435.118749999998
AM,-31042.0634765625,-69868.91796875,11460.84619140625,30252.8994140625,17562.1728515625,-25615.5185546875,-37673.646484375,-112411.23984375,-8125.248828124998,11550.130126953125,-24209.834375,-68080.457421875,-24220.076171875,-34223.034960937504,26982.755078125,44372.51640625,56168.24218749999,28722.999999999985
AP,-22436.5927734375,-31974.9677734375,1803.2275390625,4929.655029296875,5272.491943359375,-4651.93603515625,-26646.12431640625,-44335.47734375,-3145.431262207031,-36.60587253570556,-3201.6639038085937,-14715.942919921874,-18554.04736328125,-22142.6474609375,6057.8102294921855,9204.5396484375,15567.198974609368,8330.840136718738
BA,3128940.875,3057262.5,102227.47265625,185183.515625,-92951.6875,-165662.9375,3117103.0375,2989896.3875,76556.800390625,163104.8921875,-114776.711328125,-230309.61640625,3140109.925,3122779.725,126531.98125,205265.6875,-69017.86953125,-96035.79609375002
CE,1761671.9375,1693083.1875,26221.5283203125,119610.23046875,1420.5264282226562,-67627.83984375,1752363.23125,1629894.9375,10329.532763671876,112507.440625,-9657.433642578124,-129000.0125,1770840.025,1755385.475,42648.71621093748,126330.559375,13604.483984375,-4077.4795532226663
DF,-277989.953125,-308188.578125,-7713.4599609375,2197.042236328125,-36382.990234375,-66803.7265625,-289409.5921875,-340862.6140625,-27804.98984375,-7680.546875,-58895.86328125,-99043.1265625,-266497.0796875,-278197.0265625,8895.078125,9250.40625,-7803.290502929687,-29054.485644531254
ES,-476757.390625,-507955.78125,-20371.951171875,5245.359130859375,-24691.0498046875,-56204.80078125,-480588.0578125,-536775.3,-29595.8685546875,4498.289770507812,-39188.1294921875,-85362.311328125,-472903.70625,-479710.4875,-9904.86845703125,5977.611669921875,-8675.55229492191,-23354.47470703125
GO,-1156566.5625,-1231901.6875,-69660.26953125,168415.90625,-181198.296875,-257373.1875,-1183458.85625,-1301381.38125,-80825.065625,166267.24453125,-232925.66171875,-336092.609375,-1129386.36875,-1160105.93125,-53309.02734375,170542.1609375,-128619.34179687501,-173299.49375000002
MA,1279295.8125,1229175.125,46939.263671875,118198.6796875,3916.687744140625,-47036.0703125,1270225.49375,1182138.625,33367.153125,106714.66171875,-17369.1873046875,-92739.878515625,1287901.8375,1275065.34375,58445.18281249999,127085.9734375,27236.757421874972,3730.811291503906
MG,-1178421.875,-1329791.5,-137695.515625,190903.046875,-290698.984375,-443538.546875,-1192786.375,-1467817.0,-161959.196875,185430.325,-337506.221875,-581092.80625,-1163886.15,-1192199.40625,-110786.180859375,196394.378125,-243460.1453125,-297260.37343750003
MS,-426425.671875,-445390.5625,-12322.7392578125,9865.45654296875,-8808.19189453125,-28617.67578125,-432646.2765625,-466381.45625,-22811.29609375,8050.937036132813,-22531.1380859375,-47651.619140625,-419977.203125,-427025.9875,3139.543762207027,11865.210498046874,6167.273193359371,-5393.222631835939
MT,-815938.4375,-830045.5,-37816.62109375,14780.18310546875,-34502.896484375,-48986.380859375,-820664.840625,-843809.696875,-41726.935546875,14185.881494140625,-44987.2765625,-63510.8576171875,-811198.265625,-816391.25625,-32749.710351562502,15374.58662109375,-23425.047363281257,-31795.04775390626
PA,148111.8125,77476.765625,-27300.767578125,55290.677734375,28890.1923828125,-43156.845703125,135004.259375,8952.9443359375,-48229.671875,47064.7705078125,4538.858374023438,-107740.51484375,160405.059375,142472.840625,-2947.466357421894,62314.2078125,56401.82304687499,27680.89082031249
PB,667403.21875,630336.40625,23558.8310546875,42713.619140625,10928.376953125,-26265.814453125,661568.434375,596689.58125,12573.975244140625,34079.1931640625,-943.7113220214843,-59818.9623046875,673074.8625,664000.3937499999,34099.09140625,49471.764843749996,23334.729980468743,9466.705322265616
PE,1721005.625,1651156.125,45113.626953125,69099.3046875,-19815.7578125,-89865.734375,1711217.73125,1587411.2125,20806.973046875002,50777.042578125,-41512.9333984375,-153329.16953125,1730393.71875,1714740.9875,69285.666015625,85635.890234375,4762.441333007798,-22619.965234375002
PI,975758.75,943686.96875,17356.6318359375,38424.12109375,24270.2431640625,-8187.121826171875,971207.45625,913796.115625,8072.138549804688,30393.2662109375,15586.510498046875,-37548.976953125,980275.496875,972930.60625,25775.762304687494,45325.5572265625,33198.793164062496,22516.92109374999
PR,-2306333.625,-2389120.875,-125725.5546875,80113.8046875,-163589.1875,-247298.7734375,-2315776.5625,-2465883.5875,-139611.7375,78180.70546875,-195252.55859375,-323946.0640625,-2296333.7375,-2313900.775,-107346.019921875,82025.12578125,-131770.28984375,-164994.91328125002
RJ,-1565681.9375,-1686350.0625,-108974.27734375,13215.61865234375,14143.22021484375,-109153.78515625,-1581982.16875,-1804000.99375,-143249.69140625,12455.519091796876,-39648.607617187496,-222199.86796875,-1549739.975,-1576774.25,-77094.916015625,13955.34619140625,72920.896484375,17190.31874999992
RN,483456.4375,446334.734375,-19109.82421875,13099.07958984375,37352.029296875,-916.5552368164062,477140.721875,411400.70625,-27050.98359375,11499.8701171875,21044.29150390625,-35121.25234375,489853.13125,480439.3125,-8677.036230468751,14621.967236328124,51121.55996093749,36243.4662109375
RO,-452769.265625,-459528.40625,-16914.95703125,2103.916748046875,-26815.361328125,-33918.10546875,-455496.78125,-466858.6078125,-19397.9064453125,1301.589501953125,-34326.468359375,-41796.4103515625,-449812.6078125,-452798.8015625,-13095.889794921879,2652.2515136718744,-17485.709765625004,-23458.719921875003
RR,-163274.328125,-165159.4453125,-3401.8060302734375,852.392578125,-4448.10400390625,-6448.8408203125,-164754.84609375,-167834.034375,-5386.423583984375,571.9323455810547,-6465.268896484375,-8730.32705078125,-161647.553125,-162725.6515625,-505.60701751709036,1009.1709442138672,-2219.172863769532,-3694.253955078127
RS,-1689542.625,-1776418.0625,-114446.65625,136448.9921875,-134750.3125,-223097.6640625,-1699622.15625,-1856122.5125,-131272.13671875,133890.43671875,-162444.09140625,-301322.3265625,-1679895.84375,-1697784.96875,-92884.75507812502,138960.5921875,-109250.15820312501,-139253.53437500005
SC,-2168283.25,-2218878.125,-97384.87109375,38577.4140625,-115975.22265625,-166940.4140625,-2174067.1375,-2264775.775,-104700.7703125,37608.6421875,-131334.85078125,-212900.9078125,-2162213.675,-2172836.7625,-87299.92578125,39539.5994140625,-100410.923046875,-118826.55390625
SE,427858.015625,400741.15625,14296.796875,19710.68359375,19742.51953125,-7672.075927734375,423760.6546875,375926.821875,6855.440600585938,12726.568017578125,10814.541455078124,-32146.7623046875,431771.8265625,425496.665625,20420.85810546875,25191.167089843748,29026.316015624998,18656.058789062492
SP,-4359731.0,-4826922.0,-521161.359375,219302.609375,-212991.7734375,-678791.90625,-4390943.95,-5243851.55,-561990.909375,208772.43203125,-264066.1234375,-1096800.75625,-4330382.425,-4404332.775,-471142.421875,229590.9109375,-156893.32578125002,-258510.21015625008
TO,-104660.90625,-113595.11328125,-4029.5286865234375,21200.751953125,-6260.001953125,-15475.4130859375,-111003.446875,-124364.9546875,-8841.430126953124,18727.79150390625,-14078.865869140624,-25299.04150390625,-98284.7453125,-102955.580078125,2068.4831787109356,23464.6201171875,2594.552038574218,-3830.4017700195363
